Brand,Model_year,Transmission,Engine_size(cc),Drivetrain,Fuel_type,Lot_no,Kilometer,Price
Chevroletaveo,12,0,1150,0,0,6,200,975000
Chevroletcaptiva,6,1,2000,1,1,8,100,3000000
Chevroletaveo,12,0,1150,0,0,6,42000,975000
Chevroletcaptiva,11,1,2000,1,1,8,51000,3000000
Chevroletspark,9,0,1000,0,0,9,38000,1000000
Chevroletbeat,11,0,1200,0,0,8,15000,1425000
Chevroletcaptiva,10,0,2500,0,1,3,35000,2700000
Chevroletaveo,13,0,1200,0,0,8,36800,1250000
Chevroletaveo,9,0,1300,0,0,9,26000,1475000
Chevroletaveo,9,0,1200,0,0,9,70000,1300000
Chevroletbeat,11,0,1200,0,0,8,45000,1150000
Chevroletaveo,12,0,1200,0,0,7,45000,925000
Chevroletaveo,9,0,1400,0,0,10,17000,1650000
Chevroletspark,9,0,1000,0,0,15,40000,1100000
Chevroletspark,12,0,1000,0,0,10,27000,975000
Chevroletspark,12,0,1000,0,0,7,40000,975000
Chevroletspark,9,1,1000,0,0,1,34000,1200000
Chevroletspark,11,0,1000,0,0,8,36000,1075000
Chevroletbeat,11,0,1200,0,0,8,35000,1275000
Chevroletspark,11,1,1000,0,0,10,53000,110000
Chevroletaveo,12,0,1400,0,0,7,30000,1450000
Chevroletu-va,13,0,1150,0,0,6,41000,1050000
Chevroletcaptiva,11,1,2000,1,1,7,62000,3500000
Chevroletcaptiva,12,1,2000,1,1,7,46471,5000000
Chevroletuva,12,0,1150,0,0,7,50500,1200000
Chevroletaveo,11,0,1200,0,0,8,34500,1450000
Chevroletaveo,12,0,1400,0,0,7,30000,1400000
Chevroletaveo,11,0,1400,0,0,8,48000,1450000
Chevroletuva,12,0,1200,0,0,7,38000,1100000
Chevroletspark,12,0,1000,0,0,9,53000,1100000
Chevroletcaptiva,12,1,2000,1,1,7,51000,3750000
Chevroletcaptiva,12,1,2000,1,1,7,52000,4000000
Chevroletsedan,12,0,1600,0,0,7,46000,1450000
Chevroletaveo,11,0,800,0,0,8,30000,1200000
Chevroletaveo,10,0,1500,0,0,8,35000,1600000
Chevroletuva,14,0,1400,0,0,12,40000,1050000
Chevroletbeat,10,0,1200,0,0,9,25000,1650000
Chevroletaveo,12,0,1150,0,0,9,35000,1400000
Chevroletaveo,11,0,1400,0,0,8,52000,1700000
Chevroletaveo,12,0,1200,0,0,7,60000,1350000
Chevroletaveo,12,0,1400,0,0,7,40000,1550000
Chevroletspark,12,0,1000,0,0,7,34000,1050000
Chevroletsedan,11,0,1400,0,0,10,50000,1695000
Chevroletaveo,8,0,1600,1,0,12,3800,2000000
Chevroletspark,11,0,800,0,0,10,30000,1200000
Chevroletaveo,13,0,1150,0,0,8,61500,1300000
Chevroletspark,12,0,1000,0,0,9,25000,1200000
Chevroletcaptiva,12,1,2000,1,1,7,48000,4200000
Chevroletspark,10,0,1000,0,0,9,30000,1150000
Chevroletaveo,15,0,1600,0,0,6,40000,1350000
Chevroletaveo,14,0,1200,0,0,5,45000,1575000
Chevroletaveo,15,0,1600,0,0,5,43000,1425000
Chevroletaveo,9,0,1400,0,0,9,13000,2300000
Chevroletcaptiva,11,1,2000,1,1,9,29000,5200000
Chevroletbeat,10,0,1200,0,0,8,26000,1600000
Chevroletbeat,11,0,1200,0,0,10,32000,1600000
Chevroletspark,12,0,1000,0,0,7,26000,1200000
Chevroletspark,12,0,1000,0,0,7,34000,1125000
Chevroletaveo,11,0,1400,0,0,10,28000,1725000
Chevroletaveo,9,0,1600,0,0,12,19000,2200000
Chevroletaveo,12,0,1150,0,0,9,35000,1500000
Chevroletcaptiva,11,0,2000,0,1,10,30000,4000000
Chevroletaveo,13,0,1150,0,0,6,50000,1325000
Chevroletcaptiva,11,0,2000,0,1,7,35378,6200000
Chevroletcaptiva,10,0,2500,0,1,11,50000,3000000
Chevroletaveo,10,1,1400,0,0,8,9500,1800000
Chevroletbeat,11,0,1200,0,0,8,42083,1800000
Chevroletaveo,14,0,1150,0,0,5,42000,1200000
Fiatavventura,6,0,1400,0,0,13,22000,2300000
Fiatavventura,6,0,1400,0,0,13,10000,2700000
Fiatpunto,9,0,1200,0,0,10,18300,1499999
Fiatlinea,9,1,1400,0,0,9,26000,2350000
Fiatfigo,6,0,1400,0,0,14,20000,1800000
Fiatpalio,18,0,1200,0,0,5,60000,550000
Fiatpunto,10,0,1200,0,0,9,28500,1375000
Fiatpunto,18,0,1200,0,0,4,79000,675000
Fiatfigo,22,0,1400,0,1,3,83518,450000
Fordfigo,8,0,1200,0,0,21,47000,1425000
Fordfigo,11,0,1200,0,0,10,30000,1200000
Fordfigo,10,0,1200,0,0,22,41000,1250000
Fordfigo,9,0,1200,0,0,10,60000,1250000
Fordecosport,3,0,1500,0,0,21,16000,3300000
Fordecosport,7,1,1500,0,0,12,37000,2600000
Fordfigo,4,0,1500,1,1,11,90000,1050000
Fordfigo,5,0,1200,0,0,4,72000,17000
Fordfigo,8,0,1200,0,0,10,47000,1450000
Fordfigo,5,0,1200,0,0,16,31000,1850000
Fordtitanium,2,0,1200,0,0,21,7000,3100000
Fordecosport,8,0,1000,0,0,11,40000,2400000
Fordtitanium,8,0,1400,0,1,10,90000,1950000
Fordfigo,7,0,1200,0,0,12,33000,1400000
Fordtitanium,6,0,1500,0,1,13,40000,2900000
Fordfiesta,6,0,1600,0,0,13,35000,1450000
Fordecosport,8,0,1500,0,1,10,43000,2500000
Fordfigo,7,0,1200,0,0,11,16401,1700000
Fordfigo,7,0,1200,0,0,12,12800,1700000
Fordecosport,7,1,1500,0,0,14,52000,3100000
Fordfiesta,9,1,1500,0,0,9,41500,2700000
Fordfigo,9,0,1200,0,0,9,23500,1500000
Fordecosport,5,0,1500,0,0,16,30000,260000
Fordecosport,3,0,1500,0,0,20,5000,3400000
Fordfiesta,7,0,1500,0,1,12,55000,2250000
Fordtitanium,7,1,1600,1,0,12,15600,4950000
Fordecosport,7,1,1500,0,0,14,52000,3100000
Fordfigo,7,0,1200,0,0,12,12300,1850000
Fordecosport,11,0,1600,0,0,10,55000,1200000
Fordtitanium,7,0,1000,0,0,11,44000,3000000
Fordfigo,10,0,1200,0,0,8,32000,1375000
Fordtitanium,8,0,1600,0,0,10,42500,1850000
Fordecosport,7,0,1500,0,0,11,25000,2800000
Fordfigo,7,0,1200,0,0,11,4500,2080000
Fordfigo,9,0,1200,0,0,12,16000,1750000
Fordtitanium,9,1,1500,0,0,9,34500,2400000
Fordfigo,7,0,1200,0,0,11,20000,1525000
Fordfigo,11,0,1200,0,0,8,39000,1300000
Fordfigo,9,0,1200,0,0,9,20000,1350000
Fordfigo,9,0,1200,0,0,10,20000,1550000
Fordfigo,7,0,1400,0,1,12,8000,200000
Fordfigo,10,0,1200,0,0,11,40500,1350000
Fordfigo,8,0,1200,0,0,10,42500,1525000
Fordfigo,9,0,1400,0,1,9,47500,1375000
Fordecosport,8,0,1500,0,0,11,18000,3550000
Fordfigo,10,0,1200,0,0,9,33000,1435000
Fordfigo,10,0,1200,0,0,9,25000,1325000
Fordfiesta,7,0,1500,0,0,10,22000,3400000
Fordtitanium,7,0,1500,0,1,11,26450,3800000
Fordfiesta,9,0,1600,0,0,10,42000,1750000
Fordfigo,9,0,1200,0,0,10,7000,1475000
Fordecosport,7,0,1500,0,0,12,11000,2450000
Fordfigo,10,0,1200,0,0,9,38500,1425000
Fordfigo,9,0,1200,0,0,10,18000,1375000
Fordfigo,11,0,1200,0,0,8,35000,1250000
Fordfigo,8,0,1200,0,0,12,22000,1650000
Fordtitanium,12,1,3000,1,1,8,37500,4500000
Fordfigo,10,0,1400,0,1,9,40000,1450000
Fordfiesta,9,0,1600,0,0,10,29000,1600000
Fordtitanium,8,0,1000,0,0,11,28000,3275000
Fordecosport,8,0,1600,0,0,11,20000,1800000
Fordtitanium,7,0,1500,0,1,12,7900,4350000
Fordfigo,10,0,1200,0,0,9,31000,1350000
Fordfigo,10,0,1200,0,0,9,36000,1500000
Fordfigo,6,0,1200,0,0,13,300,2380000
Fordfigo,9,0,1200,0,0,9,26000,1650000
Fordtitanium,6,0,1500,0,0,13,600,3999000
Fordfigo,9,0,1300,0,0,9,30000,1600000
Fordfigo,18,0,1300,0,0,4,60000,425000
Fordfigo,9,0,1400,0,1,10,27500,2300000
Fordfigo,11,0,1200,0,0,8,32000,1550000
Fordtitanium,6,0,1400,0,1,13,300,3000000
Fordfigo,7,0,1200,0,0,12,4300,2200000
Fordfigo,10,0,1300,0,1,9,32000,1574997
Fordfiesta,7,0,1500,0,1,12,370,3400000
Fordtitanium,7,0,1500,0,1,12,5185,3700000
Fordfigo,9,0,1200,0,0,13,31000,1400000
Fordfigo,7,0,1200,0,0,11,4900,1950000
Fordtitanium,7,0,1400,0,1,11,1700,2800000
Fordtitanium,7,0,1600,0,0,11,2400,2350000
Fordfigo,9,0,1200,0,0,9,42000,1850000
Fordtitanium,7,0,1600,0,0,11,2400,2350000
Fordfigo,9,0,1300,0,0,10,21000,1400000
Fordfigo,11,0,1200,0,0,11,45000,1450000
Fordfigo,8,0,1200,0,0,11,16000,1400000
Fordfigo,9,0,1400,0,0,10,27000,2650000
Fordfigo,9,0,1200,0,0,9,13000,1725000
Fordranger,11,0,2500,0,1,8,60000,2900000
Fordfigo,9,0,1300,0,0,9,23000,1600000
Fordfigo,15,0,1400,0,0,7,30000,3000000
Fordecosport,7,0,1500,0,1,12,17000,4150000
Fordfigo,11,0,1300,0,0,8,35000,1525000
Fordfigo,10,0,1200,0,0,9,23000,1575000
Fordfigo,10,0,1200,0,0,8,20000,1500000
Fordfigo,9,0,1200,0,0,10,35000,1775000
Fordtitanium,9,1,2500,1,0,9,18500,7000000
Fordfigo,10,0,1200,0,0,11,40000,1425000
Fordfigo,9,0,1300,0,0,10,22000,1725000
Fordfigo,10,0,1200,0,0,9,35000,1575000
Fordfigo,8,0,1200,0,0,11,25000,1650000
Fordfigo,10,0,2000,0,0,9,35000,1550000
Fordfigo,7,0,1200,0,0,12,5000,2000000
Fordranger,11,0,2500,0,1,10,60000,2700000
Fordfigo,7,0,1200,0,0,2,18000,1925000
Fordfigo,8,0,1200,0,0,11,23000,1650000
Fordtitanium,7,0,1500,0,1,11,14000,4500000
Fordfigo,6,0,1200,0,0,12,6000,2025000
Fordfigo,9,0,1400,0,1,10,23500,2700000
Fordfigo,8,0,1200,0,0,10,95000,1900000
Fordtitanium,8,0,1600,0,0,11,4200,2150000
Fordfigo,9,0,1200,0,0,3,22000,1650000
Fordtitanium,7,0,1500,1,0,1,6500,3800000
Fordecosport,7,0,1500,0,0,14,14000,3250000
Fordecosport,7,0,1500,0,0,12,6400,3000000
Fordfigo,6,0,1200,0,0,12,6000,2000000
Fordfigo,10,0,1200,0,0,8,35000,1550000
Fordfigo,11,0,1200,0,0,8,27100,1425000
Fordtitanium,11,0,2500,0,1,7,65000,4200000
Fordfigo,9,0,1200,0,0,10,24000,1550000
Fordtitanium,7,0,1500,0,0,14,4000,3800000
Fordfigo,11,0,1200,0,0,8,25000,1450000
Fordfigo,9,0,1200,0,0,9,29000,2000000
Fordfigo,10,0,1200,0,0,11,26000,1750000
Fordfigo,8,0,1200,0,0,13,9100,1675000
Fordfigo,11,0,1200,0,0,8,22000,1600000
Fordfigo,11,0,1200,0,0,8,23000,1475000
Fordfigo,11,0,1200,0,0,8,27100,1600000
Fordtitanium,8,0,1000,0,0,11,13000,4000000
Fordfigo,9,0,1200,0,0,9,29000,1800000
Fordtitanium,9,0,1600,0,0,10,10000,2300000
Fordfigo,9,0,1400,0,1,10,20000,2300000
Fordtitanium,8,1,3000,1,1,10,7900,7000000
Fordfigo,9,0,1200,0,0,10,29000,1850000
Fordfigo,9,0,1200,0,0,10,15800,1575000
Fordfiesta,9,0,1500,0,0,9,40000,3000000
Fordfigo,9,0,1200,0,0,11,22000,1750000
Fordfiesta,7,0,1500,0,1,11,12000,3500000
Fordfigo,11,0,1200,0,0,8,21000,1750000
Fordfiesta,7,0,1500,0,0,13,2200,3350000
Fordfigo,10,0,1200,0,0,9,25000,1800000
Fordfigo,10,0,1200,0,0,9,10500,1950000
Fordecosport,8,0,1500,0,1,10,18000,4000000
Fordfigo,10,0,1300,0,0,10,17000,1700000
Fordecosport,7,0,1500,0,0,14,14000,3350000
Fordfigo,7,0,1200,0,0,10,14000,1650000
Fordfigo,11,0,1200,0,0,2,20000,1590000
Fordtitanium,9,0,1490,0,0,2,27000,2850000
Fordfiesta,8,0,1500,0,1,11,8900,3450000
Hondacr-v,5,1,2000,0,0,11,8000,1000000
Hondacity,13,0,1500,0,0,6,63000,1350000
Hondacity,8,0,1500,0,0,10,37000,2400000
Hondacity,11,0,1500,0,0,8,37000,2250000
Hondajazz,12,0,1200,0,0,7,40000,1650000
Hondabrio,7,0,1200,0,0,11,13600,1875000
Hondajazz,11,0,1200,0,0,7,45606,1800000
Hondacity,13,0,1497,0,0,6,52000,1450000
Hondacity,6,0,1500,0,0,15,2015,2800000
Hondajazz,12,0,1200,0,0,7,42000,1600000
Hondacity,10,0,1500,0,0,10,37000,110000
Hondacr-v,14,1,1997,1,0,6,57000,4151000
Hondacivic,11,0,1800,0,0,10,44000,3250000
Hondacity,11,0,1500,0,0,7,29000,2325000
Hondacity,15,0,1497,0,0,5,50010,1800000
Hondacrv,15,0,1900,0,0,6,55000,4200000
Hondacity,8,0,1500,0,0,10,19000,2750000
Hondacity,17,0,1400,0,0,5,50000,1250000
Hondajazz,9,0,1200,0,0,10,10000,2250000
Hondabrio,9,0,1198,0,0,9,27600,1775000
Hondacity,8,0,1500,0,0,10,49000,3100000
Hondacity,15,0,1497,0,0,5,50010,1800000
Hondacrv,14,1,1900,0,0,6,55000,4200000
Hondacr-v,14,1,2000,1,0,6,56000,4600000
Hondacity,12,0,1497,0,0,6,49000,1775000
Hondacity,6,0,1500,0,0,13,4500,3500000
Hondacity,12,0,1500,0,0,7,33000,2150000
Hondacity,12,0,1600,0,0,6,40000,2150000
Hondacity,12,0,1495,0,0,9,38000,2150000
Hondacity,9,0,1600,0,0,9,41000,2600000
Hondacity,16,0,1500,0,0,5,55000,1425000
Hondabrio,9,0,1200,0,0,10,20000,1750000
Hondacity,16,0,1500,0,0,5,45000,1475000
Hondacity,15,0,1500,0,0,8,47900,1700000
Hondabrio,9,0,1197,0,0,10,27000,1800000
Hondacity,7,0,1500,0,0,11,20000,3100000
Hondabrio,9,0,1200,0,0,9,15000,1750000
Hondacr-v,12,1,2000,1,0,7,39000,4900000
Hondacivic,19,0,1500,0,0,4,72000,1325000
Hondacity,11,0,1497,0,0,7,32100,2550000
Hondacity,7,0,1498,0,0,12,7231,3400000
Hondacity,14,0,1500,0,0,6,30000,2000000
Hondacity,15,0,1500,0,0,2,50000,1450000
Hondacity,17,0,1500,0,0,5,36000,1200000
Hondacity,10,0,1500,0,0,8,12800,3150000
Hondacity,16,0,1500,0,0,5,45000,1400000
Hondacity,13,0,1500,0,0,6,37000,1800000
Hondacity,8,0,1500,0,0,10,35000,3000000
Hondacity,16,0,1487,0,0,2,31000,1425000
Hondacity,12,1,1200,0,0,7,35000,2650000
Hondacrv,14,0,1977,1,0,6,38300,4800000
Hyundaiaccent,13,0,1400,0,0,8,95000,1350000
Hyundaii10,5,0,1200,0,0,16,28000,2200000
Hyundaisantro,8,0,1200,0,0,11,45000,1450000
Hyundaii20,5,0,1200,0,0,15,30000,29550000
Hyundaii10,5,0,1200,0,0,16,29000,2150000
Hyundaisantro,7,0,1000,0,0,11,62000,1700000
Hyundaisantro,13,0,1000,0,0,1,40000,950000
Hyundaii10,10,0,1200,0,0,9,40000,1750000
Hyundaii20,11,0,1200,0,0,7,40000,1250000
Hyundaisantro,12,0,1100,0,0,7,45000,1125000
Hyundaigetz,14,0,1400,0,0,5,80000,1050000
Hyundaii20,5,0,1200,0,0,15,31000,2950000
Hyundaii10,11,0,1100,0,0,8,41000,1450000
Hyundaisantro,14,0,1000,0,0,6,70000,1150000
Hyundaii10,12,0,1200,0,0,7,50000,1350000
Hyundaii10,18,0,1100,0,0,5,47000,600000
Hyundaii10,8,0,1200,0,0,22,37000,1850000
Hyundaiaccent,12,0,1400,0,0,8,75000,1720000
Hyundaii10,11,0,1200,0,0,8,50000,1475000
Hyundaii20,6,0,1200,0,0,16,30000,2775000
Hyundaii10,12,0,1100,0,0,7,50000,1215000
Hyundaii20,12,0,1200,0,0,7,45000,1425000
Hyundaii10,12,0,1200,0,0,7,45000,1325000
Hyundaii20,5,0,1200,0,0,15,29000,2950000
Hyundaiasta,7,0,1200,0,0,12,38000,2175000
Hyundaii10,7,0,1200,0,0,12,36000,1875000
Hyundaii20,7,0,1200,0,0,14,39000,2050000
Hyundaii20,6,0,1200,0,0,14,28000,2800000
Hyundaiasta,11,0,1200,0,0,8,45000,1600000
Hyundaitucson,15,0,2000,0,1,5,82000,1950000
Hyundaii10,9,0,1200,0,0,10,41000,1575000
Hyundaii10,12,0,1200,0,0,7,52000,1250000
Hyundaii10,5,0,1200,0,0,15,25000,1950000
Hyundaii20,6,0,1200,0,0,15,40000,2250000
Hyundaieon,8,0,800,0,0,11,31000,1225000
Hyundaicreta,5,0,1600,0,0,16,38000,4150000
Hyundaii20,3,0,1200,0,0,19,9900,2975000
Hyundaisantro,12,0,1100,0,0,21,60000,1050000
Hyundaii20,5,0,1200,0,0,15,25000,3000000
Hyundaiasta,4,0,1200,0,0,17,15000,3100000
Hyundaisantro,8,0,1100,0,0,10,38600,1450000
Hyundaii20,5,0,1200,0,0,16,34000,3000000
Hyundaitucson,10,0,2000,1,0,9,59000,3700000
Hyundaicreta,5,0,1400,0,0,16,20000,3700000
Hyundaii10,7,0,1200,0,0,12,27000,1850000
Hyundaii10,7,0,1200,0,0,12,27000,1850000
Hyundaicreta,3,0,1600,0,0,19,11000,4000000
Hyundaii10,7,0,1200,0,0,12,27000,1900000
Hyundaiasta,8,0,1200,0,0,11,43000,2100000
Hyundaisantro,14,0,1100,0,0,5,65000,1000000
Hyundaii10,12,0,1200,0,0,1,45000,1200000
Hyundaitucson,14,0,2000,1,1,5,60000,2400000
Hyundaiasta,7,0,1200,0,0,11,40000,2196000
Hyundaii10,7,0,1200,0,0,12,27005,1850000
Hyundaii10,7,0,1200,0,0,12,42000,1850000
Hyundaii20,5,0,1200,0,0,16,7500,3200000
Hyundaisantro,14,0,1100,0,0,5,65000,1000000
Hyundaisantro,9,0,1100,0,0,10,36000,1525000
Hyundaitucson,8,0,2000,1,0,13,31000,4200000
Hyundaisantro,8,0,1200,0,0,11,45000,1450000
Hyundaii10,5,0,1200,0,0,15,18000,2300000
Hyundaigetz,12,0,1400,0,0,7,47000,1089996
Hyundaii10,12,0,1200,0,0,1,45000,1180000
Hyundaisantro,12,0,1200,0,0,7,60000,1150000
Hyundaisantro,19,0,1000,0,0,4,65000,625000
Hyundaieon,9,0,800,0,0,9,50000,1250000
Hyundaii10,11,0,1200,0,0,8,31000,1475000
Hyundaisantro,20,0,1000,0,0,3,61000,630000
Hyundaieon,4,0,800,0,0,18,25000,1350000
Hyundaii10,10,0,1200,0,0,9,33000,1650000
Hyundaiasta,12,0,1200,0,0,7,48000,1550000
Hyundaii10,8,0,1200,0,0,11,38255,1675000
Hyundaii10,7,0,1200,0,0,12,34000,1850000
Hyundaitucson,13,0,2000,1,1,6,53000,2600000
Hyundaisantro,12,0,1100,0,0,11,49000,1150000
Hyundaiasta,6,0,1200,0,0,13,5200,2455000
Hyundaisantro,20,0,1000,0,0,3,61000,690000
Hyundaii10,11,0,1200,0,0,8,35000,1750000
Hyundaii10,12,0,1200,0,0,7,30000,1380000
Hyundaigetz,13,0,1400,0,0,6,34000,1235000
Hyundaisantro,11,0,1000,0,0,8,20000,1325000
Hyundaii10,7,0,1200,0,0,12,25000,2025000
Hyundaitucson,15,0,2000,1,1,5,74000,2500000
Hyundaii10,11,0,1200,0,0,8,32000,1525000
Hyundaii10,12,0,1200,0,0,6,44500,1450000
Hyundaisantro,13,0,1100,0,0,6,35000,1150000
Hyundaitucson,12,0,2000,1,1,8,65700,3150000
Hyundaiaccent,13,0,1400,0,0,7,38000,1410000
Hyundaisantro,13,0,1100,0,0,7,59000,1099999
Hyundaisantro,10,0,1100,0,0,9,35600,1325000
Hyundaisantro,13,0,1100,0,0,7,55000,1125000
Hyundaiasta,11,0,1200,0,0,8,43000,1775000
Hyundaiasta,11,0,1200,0,0,8,32400,1725000
Hyundaii10,5,0,1200,1,0,15,13000,2400000
Hyundaii10,12,0,1100,0,0,7,46000,1275000
Hyundaiasta,11,0,1200,0,0,8,39000,1750000
Hyundaitucson,13,0,2000,1,1,6,51000,2650000
Hyundaiasta,11,0,1200,0,0,8,32400,1725000
Hyundaisantro,21,0,1000,0,0,3,85000,525000
Hyundaii20,7,0,1200,0,0,12,5200,2400000
Hyundaisantro,14,0,1100,0,0,6,53000,1125000
Hyundaisantro,10,0,1100,0,0,7,57000,675000
Hyundaiasta,7,0,1200,0,0,11,15500,2375000
Hyundaii10,12,0,1200,0,0,7,67000,1475000
Hyundaisantro,14,0,1100,0,0,6,56700,1135000
Hyundaii10,11,0,1200,0,0,8,39000,1475000
Hyundaiasta,12,0,1200,0,0,7,37000,1650000
Hyundaitucson,14,0,2000,1,1,6,77000,2900000
Hyundaiasta,12,0,1200,0,0,7,27000,1650000
Hyundaisantro,12,0,1100,0,0,7,40000,1225000
Hyundaielite,6,0,1200,0,0,14,9000,2950000
Hyundaii10,8,0,1200,0,0,10,23000,1850000
Hyundaiaccent,12,0,1400,0,0,7,26600,1425000
Hyundaii10,9,0,1200,0,0,16,27000,1695000
Hyundaisantro,18,0,1100,0,0,4,79000,750000
Hyundaiasta,12,0,1200,0,0,7,30000,1700000
Hyundaieon,8,0,800,0,0,11,10000,1450000
Hyundaii20,11,0,1200,0,0,8,42000,1585000
Hyundaii20,11,0,1200,0,0,8,41000,1575000
Hyundaisantro,15,0,1100,0,0,5,80000,975000
Hyundaigetz,12,0,1400,0,0,7,25000,1300000
Hyundaii10,12,0,1100,0,0,6,18000,1275000
Hyundaisantro,14,0,1100,0,0,5,52000,850000
Hyundaii10,7,1,1200,0,0,14,22000,2100000
Hyundaiasta,11,0,1200,0,0,8,46000,1790000
Hyundaisantro,21,0,1100,0,0,3,51000,590000
Hyundaitucson,13,0,2000,1,1,6,56581,3100000
Hyundaigetz,15,0,1400,0,0,5,49723,1100000
Hyundaisantro,13,0,1100,0,0,6,34000,1175000
Hyundaiasta,11,0,1200,0,0,8,38000,1750000
Hyundaii20,11,0,1200,0,0,7,42000,1575000
Hyundaigetz,12,0,1400,0,0,9,46000,1375000
Hyundaiasta,12,0,1200,0,0,7,27000,1700000
Hyundaisantro,12,0,1100,0,0,7,40000,1225000
Hyundaiasta,12,0,1200,0,0,7,32000,1525000
Hyundaisantro,18,0,1100,0,0,4,26000,775000
Hyundaisantro,13,0,1100,0,0,6,40000,1100000
Hyundaisantro,16,0,1100,0,0,5,50000,950000
Hyundaiasta,12,0,1200,0,0,7,32000,1775000
Hyundaitucson,12,0,2000,1,1,8,45000,3349000
Hyundaigetz,12,0,1400,0,0,7,30000,1275000
Hyundaisantro,15,0,1100,0,0,5,50000,1000000
Hyundaii10,8,0,1200,0,0,10,21000,1775000
Hyundaitucson,15,0,2000,1,1,5,56000,2600000
Hyundaii10,10,0,1100,0,0,9,26000,1575000
Hyundaiasta,11,0,1200,0,0,7,25500,1795000
Hyundaii10,9,0,1200,0,0,10,28000,1775000
Hyundaieon,9,0,800,0,0,9,29000,1090000
Hyundaii10,12,0,1200,0,0,7,43000,1540000
Hyundaii10,9,0,1200,0,0,2,33000,1665000
Hyundaiaccent,13,0,1400,0,0,6,40000,1425000
Hyundaisantro,14,0,1000,0,0,6,40000,900000
Hyundaisantro,14,0,1100,0,0,6,40000,1150000
Hyundaiasta,12,1,1400,0,0,7,40000,1850000
Hyundaii10,12,0,1200,0,0,7,43000,1850000
Hyundaii10,11,0,1200,0,0,9,26000,1600000
Hyundaii10,11,0,1200,0,0,9,31000,1525000
Hyundaiasta,7,0,1200,0,0,11,16000,2450000
Hyundaisantro,21,0,1000,0,0,3,60000,550000
Hyundaii10,10,0,1100,0,0,9,23000,1550000
Hyundaiasta,7,0,1200,0,0,11,14000,2375000
Hyundaii20,11,0,1200,0,0,8,37000,1725000
Hyundaii20,12,0,1200,0,0,7,26000,1500000
Hyundaii10,10,0,1100,0,0,9,30000,1575000
Hyundaiasta,11,0,1200,0,0,8,30000,1775000
Hyundaii10,7,0,1200,0,0,12,14000,1875000
Hyundaisantro,14,0,1100,0,0,6,40000,1150000
Hyundaii10,7,0,1200,0,0,12,15000,2200000
Hyundaisantro,15,0,1100,0,0,5,60000,1200000
Hyundaii20,11,0,1200,0,0,8,32000,1500000
Hyundaii10,11,0,1200,0,0,7,30000,1575000
Hyundaii10,11,0,1200,0,0,8,30000,1575000
Hyundaiasta,7,0,1200,0,0,12,25000,2400000
Hyundaisantro,18,0,1100,0,0,4,50000,725000
Hyundaiaccent,17,0,1300,0,0,5,53000,850000
Hyundaii10,8,0,1200,0,0,10,43000,1860000
Hyundaii10,12,0,1100,0,0,7,50000,1300000
Hyundaii10,11,0,1200,0,0,9,37000,1575000
Hyundaisantro,13,0,1100,0,0,7,50000,1225000
Hyundaii10,12,0,1100,0,0,7,50000,1325000
Hyundaii10,10,0,1200,0,0,9,29000,1650000
Hyundaisantro,14,0,1000,0,0,7,52000,900000
Hyundaii10,8,0,1100,0,0,10,25000,1600000
Hyundaii10,11,0,1200,0,0,9,30000,1575000
Hyundaieon,9,0,800,0,0,10,64400,1350000
Hyundaielantra,7,0,1600,0,0,12,13000,3100000
Hyundaii10,13,0,1200,0,0,6,40000,1325000
Hyundaisantro,15,0,1100,0,0,6,50000,1075000
Hyundaii10,12,0,1200,0,0,7,35000,1445000
Hyundaisantro,11,0,1100,0,0,8,32000,1325000
Hyundaii10,12,0,1200,0,0,7,38000,1400000
Hyundaiasta,11,0,1200,0,0,8,30000,1800000
Hyundaisantro,11,0,1100,0,0,8,37000,1310000
Hyundaisantro,14,0,1100,0,0,6,53000,1175000
Hyundaiaccent,12,0,1400,0,0,7,34000,1650000
Hyundaii10,9,0,1100,0,0,10,35000,1600000
Hyundaiaccent,13,0,1400,0,0,6,35000,1425000
Hyundaii10,12,0,1100,0,0,7,40000,1275000
Hyundaii10,12,0,1200,0,0,7,37000,1400000
Hyundaisantro,10,0,1100,0,0,9,22500,1345000
Hyundaiaccent,13,0,1400,0,0,6,42000,1550000
Hyundaisantro,15,0,1100,0,0,5,55000,1050000
Hyundaitucson,10,1,2000,1,1,9,53000,5800000
Hyundaii20,5,0,1200,0,0,15,400,3350000
Hyundaisantro,14,0,1100,0,0,6,45000,1150000
Hyundaisantro,10,0,1100,0,0,9,35000,2011
Hyundaigetz,14,0,1400,0,0,5,63000,1000000
Hyundaiasta,11,0,1200,0,0,9,4500,2000000
Hyundaii10,11,0,1200,0,0,8,42000,1525000
Hyundaisantro,15,0,1000,0,0,2,40000,1025000
Hyundaii10,7,0,1200,0,0,12,5500,2125000
Hyundaisantro,8,0,1100,0,0,10,25000,1600000
Hyundaisantro,8,0,1100,0,0,10,25000,1600000
Hyundaii10,12,0,1200,0,0,7,40000,1350000
Hyundaii20,11,0,1200,0,0,8,28000,1625000
Hyundaisantro,8,0,1100,0,0,10,25000,1500000
Hyundaii10,8,0,1200,0,0,10,26000,1775000
Hyundaisantro,8,0,1100,0,0,10,25000,1550000
Hyundaisantro,8,0,1100,0,0,10,25000,1550000
Hyundaisantro,17,0,1100,0,0,5,60000,800000
Hyundaielantra,8,0,1600,0,0,10,21000,3100000
Hyundaii10,13,0,1100,0,0,6,20000,1324999
Hyundaisantro,8,0,1100,0,0,10,25000,1600000
Hyundaisantro,12,0,1100,0,0,7,50000,1225000
Hyundaii10,8,0,1200,0,0,11,16000,1875000
Hyundaitucson,14,0,2000,0,0,6,1991,2725000
Hyundaitucson,11,0,2000,0,1,8,33000,4800000
Hyundaisantro,14,0,1100,0,0,6,4000,1170000
Hyundaisantro,8,0,1100,0,0,10,25000,1600000
Hyundaisantro,8,1,1100,0,0,10,1500,1400000
Hyundaisantro,13,0,1100,0,0,6,35000,1175000
Hyundaisantro,16,0,1100,0,0,8,65000,850000
Hyundaii20,12,0,1200,0,0,7,40000,1575000
Hyundaitucson,10,0,2000,1,1,9,23000,5050000
Hyundaii10,10,0,1200,0,0,9,29000,1675000
Hyundaii10,11,0,1200,0,0,9,49000,1525000
Hyundaii10,13,0,1200,0,0,8,35000,1545000
Hyundaii10,9,0,1100,0,0,9,23000,1675000
Hyundaiasta,12,0,1200,0,0,7,35000,1700000
Hyundaielantra,7,0,1600,0,0,11,16000,3199999
Hyundaisantro,15,0,1100,0,0,5,40000,1050000
Hyundaisantro,14,0,1100,0,0,7,50000,1150000
Hyundaitucson,14,0,2000,0,0,6,46000,2850000
Hyundaigetz,12,0,1400,0,0,7,40000,1225000
Hyundaii10,9,0,1100,0,0,9,23000,1675000
Hyundaii10,12,0,1200,0,0,7,40000,1435000
Hyundaigetz,15,1,1400,0,0,5,59000,1355000
Hyundaitucson,12,0,2000,1,1,7,40000,3300000
Hyundaii20,11,0,1200,0,0,8,30000,1625000
Hyundaii10,12,0,1200,0,0,7,38000,1360000
Hyundaisantro,13,0,1100,0,0,6,57000,1150000
Hyundaii10,7,0,1200,0,0,12,10900,2455000
Hyundaii10,8,0,1200,0,0,11,18000,1975000
Hyundaii10,12,0,1100,0,0,9,19200,155000
Hyundaisantro,13,0,1100,0,0,6,45000,1175000
Hyundaii10,13,0,1200,0,0,7,42000,1325000
Hyundaisantro,19,0,1100,0,0,4,70000,650000
Hyundaii10,8,0,1200,0,0,10,18000,1850000
Hyundaiasta,12,0,1200,0,0,7,20000,1725000
Hyundaiasta,12,0,1200,0,0,7,27000,1725000
Hyundaii10,12,0,1100,0,0,9,19200,1550000
Hyundaiasta,11,0,1200,0,0,8,41000,1850000
Hyundaigetz,17,0,1400,0,0,5,49000,1025000
Hyundaii20,12,1,1200,0,0,7,30000,1550000
Hyundaitucson,8,0,2000,1,1,11,39000,6000000
Hyundaitucson,12,0,2000,0,1,7,43000,3300000
Hyundaii10,13,0,1200,0,0,6,39000,1325000
Hyundaitucson,15,0,2000,0,0,5,54000,2650000
Hyundaii10,7,0,1200,0,0,11,30400,2000000
Hyundaisantro,11,0,1100,0,0,8,30000,1300000
Hyundaii20,11,0,1200,0,0,8,29000,1650000
Hyundaitucson,14,0,2000,1,1,6,68600,2650000
Hyundaii10,7,0,1200,0,0,12,6000,2300000
Hyundaiasta,7,0,1200,0,0,12,22000,2450000
Hyundaii20,11,0,1200,0,0,7,35500,1650000
Hyundaii10,7,0,1200,0,0,11,30450,2000000
Hyundaisantro,15,0,1100,0,0,5,40000,1100000
Hyundaisantro,10,0,1100,0,0,9,30000,1350000
Hyundaii10,12,0,1200,0,0,7,41000,1450000
Hyundaii10,7,0,1200,0,0,11,30000,2076000
Hyundaitucson,10,0,2000,1,1,9,34000,5200000
Hyundaii10,12,1,1200,0,0,7,46000,1575000
Hyundaitucson,9,0,2000,0,0,10,45000,5575000
Hyundaii10,11,0,1200,0,0,7,30000,1475000
Hyundaii10,12,0,1100,0,0,7,29000,1250000
Hyundaii10,12,0,1100,0,0,7,22000,1250000
Hyundaitucson,12,0,2000,1,1,8,35000,3500000
Hyundaii10,13,0,1200,0,0,6,36000,1350000
Hyundaii10,11,1,1200,0,0,8,35000,1725000
Hyundaii10,12,0,1200,0,0,7,45000,1390000
Hyundaiasta,11,0,1200,0,0,8,30000,1850000
Hyundaitucson,11,0,2000,1,1,9,30000,5800000
Hyundaiaccent,26,0,1300,0,0,3,62000,250000
Hyundaisantro,18,0,1000,0,0,12,40000,700000
Hyundaii10,7,0,1200,0,0,11,15000,2475000
Hyundaigetz,16,0,1400,0,0,5,47000,1100000
Hyundaisantro,14,0,1100,0,0,6,44000,1175000
Hyundaisantro,14,0,1100,0,0,6,50000,1175000
Hyundaiasta,7,0,1200,0,0,11,13000,2450000
Hyundaisantro,21,0,1000,0,0,3,58564,520000
Hyundaisantro,12,0,1100,0,0,7,29000,1250000
Hyundaiasta,7,0,1200,0,0,11,22000,2450000
Hyundaieon,8,0,800,0,0,11,30000,1300000
Hyundaiaccent,12,0,1400,0,0,6,39000,1499999
Hyundaieon,8,0,800,0,0,10,14000,1400000
Hyundaiasta,11,0,1200,0,0,7,17000,1850000
Hyundaisantro,12,0,1100,0,0,7,26000,1250000
Hyundaisantro,11,0,1100,0,0,8,28000,1300000
Hyundaii10,8,0,1200,0,0,11,18000,1775000
Hyundaisantro,18,0,1200,0,0,4,70000,825000
Hyundaitucson,13,0,2000,1,1,6,51000,3200000
Hyundaii10,10,0,1200,0,0,9,23000,1675000
Hyundaisantro,18,0,1100,0,0,4,51000,725000
Hyundaii10,12,0,1200,0,0,7,37000,1400000
Hyundaisantro,12,0,1100,0,0,11,42000,1175000
Hyundaiasta,12,0,1200,0,0,7,40000,1750000
Hyundaisantro,21,0,1000,0,0,3,60000,600000
Hyundaii20,17,0,1500,0,1,5,74000,780000
Hyundaiasta,7,0,1200,0,0,11,14000,2450000
Hyundaisantro,12,0,1100,0,0,7,38000,1150000
Hyundaisantro,12,0,1100,0,0,7,41000,1150000
Hyundaii10,11,0,1200,0,0,9,34000,1525000
Hyundaii10,7,0,1200,0,0,12,5000,2000000
Hyundaii10,12,0,1200,0,0,7,27900,1425000
Hyundaisantro,11,0,1100,0,0,7,26000,1225000
Hyundaii10,11,0,1200,0,0,8,30000,1575000
Hyundaiaccent,12,0,1400,0,0,7,46000,1625000
Hyundaisantro,14,0,1200,0,0,5,38000,1050000
Hyundaisantro,16,0,1100,0,0,6,54000,1000000
Hyundaisantro,21,0,1000,0,0,3,72000,525000
Hyundaisantro,12,0,1100,0,0,8,40000,1250000
Hyundaiasta,12,0,1200,0,0,7,26000,1725000
Hyundaisantro,12,0,1100,0,0,7,22000,1250000
Hyundaisantro,14,0,1100,0,0,6,41000,1175000
Hyundaitucson,12,0,2000,1,1,8,55000,3300000
Hyundaieon,8,0,800,0,0,10,20000,1250000
Hyundaisantro,10,0,1100,0,0,9,26000,1350000
Hyundaii10,11,0,1200,0,0,8,45000,1550000
Hyundaii10,12,0,1200,0,0,7,36000,1525000
Hyundaiasta,12,0,1200,0,0,7,40000,1750000
Hyundaisantro,14,0,1100,0,0,6,29000,1175000
Hyundaisantro,16,0,1100,0,0,5,51000,1025000
Hyundaisantro,13,0,1100,0,0,6,35000,1150000
Hyundaii10,10,0,1200,0,0,9,30000,1680000
Hyundaii10,12,0,1200,0,0,7,36000,1450000
Hyundaii10,11,0,1200,0,0,8,31200,1475000
Hyundaiasta,12,0,1200,0,0,7,40000,1750000
Hyundaitucson,19,1,2000,1,1,9,41300,2450000
Hyundaisantro,13,0,1100,0,0,6,45000,1175000
Hyundaii10,6,0,1200,0,0,13,11000,2150000
Hyundaitucson,12,0,2000,1,1,7,46700,3500000
Hyundaisantro,11,0,1100,0,0,8,32000,1250000
Hyundaii10,12,0,1200,0,0,7,33000,1400000
Hyundaigetz,12,0,1400,0,0,7,45000,1250000
Hyundaisantro,15,0,1100,0,0,5,48000,1090000
Hyundaiasta,11,0,1200,0,0,9,30000,1850000
Hyundaiaccent,12,0,1400,0,0,7,42000,1625000
Hyundaitucson,15,0,2000,1,1,5,54000,2600000
Hyundaisantro,12,0,1100,0,0,7,33000,1200000
Hyundaiasta,12,0,1200,0,0,7,40000,1750000
Hyundaisantro,11,0,1100,0,0,8,30000,1300000
Hyundaiasta,7,0,1200,0,0,11,18000,2450000
Hyundaieon,9,0,800,0,0,9,29000,1225000
Hyundaisantro,16,0,1100,0,0,5,40000,1025000
Hyundaisantro,14,0,1100,0,0,5,36000,1150000
Hyundaii10,12,0,1200,0,0,7,50000,1550000
Hyundaii10,12,0,1200,0,0,7,37000,1425000
Hyundaigetz,14,0,1300,0,0,13,39000,1150000
Hyundaisantro,20,0,1000,0,0,1,76000,510000
Hyundaisantro,11,0,1100,0,0,8,41000,1225000
Hyundaiaccent,15,0,1400,0,0,5,35000,1550000
Hyundaii10,12,0,1200,0,0,7,50000,1600000
Hyundaiaccent,15,0,1400,0,0,5,45000,1300000
Hyundaitucson,13,0,2000,1,1,6,49000,3150000
Hyundaii10,11,0,1200,0,0,8,22000,1520000
Hyundaiaccent,12,0,1400,0,0,7,39000,1575000
Hyundaiasta,12,0,1200,0,0,7,37000,1705000
Hyundaii20,11,0,1200,0,0,9,45000,1850000
Hyundaisantro,15,0,1100,0,0,5,50000,1100000
Hyundaigetz,12,0,1400,0,0,7,55000,1475000
Hyundaiasta,11,0,1300,0,0,8,34000,1750000
Hyundaii10,12,0,1200,0,0,7,35000,1400000
Hyundaiasta,11,0,1200,0,0,8,36000,1824000
Hyundaii10,11,0,1200,0,0,8,23000,1575000
Hyundaisantro,15,0,1100,0,0,5,36000,1075000
Hyundaii10,9,0,1200,0,0,10,18000,1750000
Hyundaitucson,14,0,2000,1,1,6,59000,2850000
Hyundaisantro,13,0,1100,0,0,6,55000,1175000
Hyundaieon,9,0,800,0,0,9,32000,1275000
Hyundaii10,12,0,1200,0,0,7,25000,1380000
Hyundaisantro,10,0,1100,0,0,9,27000,1350000
Hyundaii10,11,0,1200,0,0,8,25100,1590000
Hyundaieon,9,0,800,0,0,10,11700,1450000
Hyundaisantro,11,0,1100,0,0,8,31000,1225000
Hyundaii10,12,0,1200,0,0,6,40000,1360000
Hyundaii10,12,0,1100,0,0,7,35000,1275000
Hyundaisantro,20,0,1100,0,0,3,45000,675000
Hyundaisantro,16,0,1100,0,0,5,55000,1050000
Hyundaii10,9,0,1200,0,0,9,30000,1725000
Hyundaisantro,18,0,1100,0,0,3,50000,675000
Hyundaisantro,14,0,1100,0,0,5,40000,1200000
Hyundaisantro,17,0,1100,0,0,5,43000,950000
Hyundaii10,12,0,1100,0,0,7,32000,1350000
Hyundaiasta,11,0,1200,0,0,8,25000,1825000
Hyundaii10,12,0,1200,0,0,7,37000,1400000
Hyundaii10,13,0,1100,0,0,6,40000,1275000
Hyundaiasta,12,0,1200,0,0,7,32000,1750000
Hyundaisantro,21,0,1000,0,0,3,59675,550000
Hyundaisantro,21,0,1000,0,0,3,60000,600000
Hyundaii20,11,0,1200,0,0,9,33000,1775000
Hyundaii10,12,0,1200,0,0,7,35000,1400000
Hyundaii10,10,0,1200,0,0,9,32000,1725000
Hyundaisantro,11,0,1100,0,0,8,7100,1350000
Hyundaisantro,12,0,1100,0,0,7,37000,1200000
Hyundaii20,10,0,1200,0,0,9,6500,2200000
Hyundaii10,12,0,1200,0,0,7,40000,1400000
Hyundaisantro,13,0,1100,0,0,6,40000,1200000
Hyundaisantro,19,0,1100,0,0,4,58000,725000
Hyundaii10,12,0,1200,0,0,7,32000,1400000
Hyundaii10,13,0,1200,0,0,6,37000,1325000
Hyundaisantro,15,0,1100,0,0,5,50000,1100000
Hyundaii10,11,0,1200,0,0,8,30000,1525000
Hyundaii10,11,0,1200,0,0,7,28000,1590000
Hyundaiasta,7,0,1200,0,0,12,14000,2550000
Hyundaisantro,7,0,1100,0,0,12,3000,1700000
Hyundaii20,11,0,1200,0,0,8,31442,1900000
Hyundaisantro,11,0,1100,0,0,8,47000,1325000
Hyundaii10,10,0,1200,0,0,9,9000,1750000
Hyundaii10,9,0,1200,0,0,10,27000,1725000
Hyundaii10,12,0,1200,0,0,7,30000,1425000
Hyundaisantro,16,0,1100,0,0,5,44000,1050000
Hyundaiasta,7,0,1200,0,0,10,9000,2450000
Hyundaii10,9,0,1200,0,0,9,24000,1800000
Hyundaii10,12,0,1200,0,0,7,48000,1400000
Hyundaisantro,12,0,1100,0,0,7,37000,1225000
Hyundaisantro,19,0,1000,0,0,4,58000,750000
Hyundaitucson,12,0,2000,1,1,8,27000,3700000
Hyundaii10,10,0,1200,0,0,9,26000,1750000
Hyundaiasta,7,0,1200,0,0,12,120000,2425000
Hyundaisantro,12,0,1100,0,0,7,36000,1200000
Hyundaitucson,17,0,2000,1,0,5,41000,2400000
Hyundaii10,11,0,1200,0,0,8,32000,1575000
Hyundaiaccent,21,0,1500,0,0,3,56000,650000
Hyundaii10,13,0,1200,0,0,6,44000,1333333
Hyundaieon,8,0,800,0,0,11,50000,1450000
Hyundaiasta,7,0,1200,0,0,12,8000,2154993
Hyundaiaccent,20,0,1800,0,0,3,42000,700000
Hyundaiasta,11,0,1200,0,0,8,38000,1825000
Hyundaitucson,12,0,2000,0,1,7,49000,3400000
Hyundaii20,15,0,1500,0,0,7,50000,900000
Hyundaiasta,11,0,1300,0,0,8,38000,1800000
Hyundaieon,9,0,800,0,0,10,23000,1325000
Hyundaiasta,7,0,1200,0,0,12,80000,2150000
Hyundaii10,13,0,1200,0,0,6,39000,1350000
Hyundaii10,11,0,1200,0,0,13,34000,1550000
Hyundaisantro,13,0,1000,0,0,6,37000,850000
Hyundaii10,13,0,1200,0,0,6,39000,1350000
Hyundaiasta,12,0,1400,0,1,7,46000,1825000
Hyundaii10,12,0,1200,0,0,7,36000,1400000
Hyundaigetz,12,0,1400,0,0,7,35600,1400000
Hyundaitucson,10,0,2000,0,1,11,90000,1000000
Hyundaii10,12,0,1200,0,0,9,26000,1650000
Hyundaii10,12,0,1100,0,0,7,35000,1350000
Hyundaii10,12,0,1100,0,0,7,28000,1350000
Hyundaieon,9,0,800,0,0,9,22000,1190000
Hyundaii10,11,0,1200,0,0,8,33000,1500000
Hyundaieon,9,0,800,0,0,10,23000,1325000
Hyundaiaccent,14,0,1200,0,0,6,45000,1500000
Hyundaii10,8,0,1200,0,0,11,17000,1750000
Hyundaii10,11,0,1100,0,0,9,27950,1525000
Hyundaiasta,12,0,1200,0,0,7,34000,1775000
Hyundaii10,11,0,1200,0,0,9,40000,1550000
Hyundaitucson,13,0,2000,1,1,6,64272,3175000
Hyundaisonata,11,0,2000,0,0,8,9000,4000000
Hyundaiasta,7,0,1200,0,0,12,11000,2550000
Hyundaii10,13,0,1200,0,0,8,27000,1700000
Hyundaisantro,15,0,1100,0,0,6,59000,1075000
Hyundaii10,10,0,1100,0,0,9,38000,1675000
Hyundaii10,11,0,1200,0,0,12,48000,1300000
Hyundaisantro,14,0,1100,0,0,5,50000,1200000
Hyundaisantro,17,0,1100,0,0,4,34000,845000
Hyundaii10,12,0,1200,0,0,9,28000,1425000
Hyundaitucson,15,0,2000,1,1,13,45890,2900000
Hyundaii10,12,0,1200,0,0,8,31000,1500000
Hyundaii10,11,0,1200,0,0,8,33000,1500000
Hyundaiasta,11,0,1200,0,0,10,23000,1850000
Hyundaii10,11,0,1200,0,0,8,32000,1575000
Hyundaii10,12,1,1200,0,0,7,21000,1450000
Hyundaisantro,18,0,1100,0,0,5,66000,850000
Hyundaisantro,18,0,1100,0,0,5,60000,785000
Hyundaii10,12,1,1100,0,0,7,45000,1175000
Hyundaitucson,12,0,2000,0,1,9,50000,3500000
Hyundaisantro,20,0,1100,0,0,3,70000,700000
Hyundaisantro,18,0,1100,0,0,5,52000,825000
Hyundaii10,10,1,1200,0,0,9,30000,1750000
Hyundaii10,12,0,1200,0,0,7,28000,1450000
Hyundaitucson,12,0,2000,1,1,1,49000,3700000
Hyundaitucson,12,0,2000,1,1,12,36195,3250000
Hyundaisantro,21,0,1000,0,0,3,50000,675000
Hyundaii20,17,0,1500,0,1,5,81000,800000
Hyundaisantro,12,0,1100,0,0,7,350000,1375000
Hyundaii10,13,0,1200,0,0,6,35000,1225000
Hyundaisantro,20,0,1100,0,0,3,57000,750000
Hyundaisantro,14,0,1000,0,0,6,50000,925000
Hyundaii10,12,0,1200,0,0,9,42000,1315000
Hyundaitucson,15,0,2000,1,1,5,32000,2700000
Hyundaieon,7,0,800,0,0,13,16000,1765000
Hyundaisantro,18,0,1100,0,0,4,85000,700000
Hyundaiasta,11,0,1200,0,0,8,32000,1825000
Hyundaisantro,14,0,1200,0,0,6,40000,1150000
Hyundaisantro,16,0,1100,0,0,9,43000,1050000
Hyundaisantro,16,0,1200,0,0,5,52000,925000
Hyundaisantro,12,0,1200,0,0,7,34000,1250000
Hyundaieon,7,0,800,0,0,12,7000,170000
Hyundaii20,9,0,1200,1,0,9,14135,2300000
Hyundaitucson,12,0,2000,1,1,7,44000,3400000
Hyundaii10,10,0,1200,0,0,9,32000,1625000
Hyundaisantro,11,0,1100,0,0,8,24000,1375000
Hyundaieon,9,0,800,0,0,10,14000,1375000
Hyundaisantro,14,0,1100,0,0,6,32000,1200000
Hyundaisantro,12,0,1100,0,0,7,35000,1225000
Hyundaiasta,11,0,1200,0,0,8,32000,1850000
Hyundaisantro,15,0,1100,0,0,5,35000,950000
Hyundaiasta,11,0,1200,0,0,7,43000,1849000
Hyundaigetz,16,0,1300,0,0,5,34000,1025000
Hyundaii10,9,0,1200,0,0,10,15000,1650000
Hyundaisantro,19,0,1100,0,0,12,78000,750000
Hyundaii10,11,0,1100,0,0,8,31000,1375000
Hyundaieon,8,0,800,0,0,10,12000,1425000
Hyundaii10,12,0,1200,0,0,7,32000,1375000
Hyundaii10,10,0,1200,0,0,9,30000,1625000
Hyundaisantro,18,0,1100,0,0,4,46000,785000
Hyundaisantro,18,0,1100,0,0,5,59336,800000
Hyundaii10,11,0,1200,0,0,8,18000,1450000
Hyundaii10,11,0,1200,0,0,9,26000,1625000
Hyundaitucson,19,0,2000,1,0,4,63100,1450000
Hyundaitucson,13,0,2000,1,1,6,34000,3250000
Hyundaieon,9,0,800,0,0,10,35000,1325000
Hyundaiasta,9,0,1200,0,0,7,37000,1530000
Hyundaii10,10,0,1100,0,0,9,22000,1650000
Hyundaisantro,12,0,1100,0,0,7,37000,1235000
Hyundaisantro,13,0,1000,0,0,8,74000,1000000
Hyundaisantro,15,0,1100,0,0,5,70000,975000
Hyundaisantro,14,0,1100,0,0,6,47000,1140000
Hyundaisantro,13,0,1100,0,0,12,37000,1275000
Hyundaii10,10,0,1200,0,0,9,16630,1950000
Hyundaii10,9,0,1200,0,0,9,11000,1875000
Hyundaisantro,14,0,1100,0,0,12,42000,1175000
Hyundaisantro,14,0,1100,0,0,1,65000,850000
Hyundaieon,9,0,800,0,0,10,23000,1425000
Hyundaii10,10,0,1200,0,0,11,27000,1750000
Hyundaii10,10,0,1100,0,0,9,23000,1625000
Hyundaisantro,14,0,1100,0,0,6,37000,1195000
Hyundaii10,10,0,1200,0,0,9,23000,1775000
Hyundaii10,12,0,1200,0,0,6,35000,1450000
Hyundaieon,8,0,800,0,0,10,11000,1475000
Hyundaii10,10,0,1200,0,0,9,23000,1825000
Hyundaisantro,21,0,1000,0,0,3,75000,650000
Hyundaii20,10,0,1400,0,1,11,17000,1950000
Hyundaii10,11,0,1200,0,0,9,26000,1625000
Hyundaisantro,14,0,1100,0,0,5,57000,1150000
Hyundaii10,11,0,1200,0,0,8,36000,1550000
Hyundaitucson,16,0,2000,0,1,5,43000,2550000
Hyundaii10,12,0,1200,0,0,7,31000,1395000
Hyundaielantra,8,0,1600,0,0,11,12000,4800000
Hyundaii10,13,0,1100,0,0,6,35000,1250000
Hyundaieon,9,0,800,0,0,11,12500,1425000
Hyundaisantro,13,0,1100,0,0,6,30000,1265000
Hyundaisantro,11,0,1100,0,0,8,25000,1290000
Hyundaii10,8,0,1200,0,0,11,17000,1775000
Hyundaitucson,12,0,2000,1,1,7,41000,3450000
Hyundaieon,8,0,800,0,0,12,16000,1460000
Hyundaisantro,21,0,1100,0,0,3,95000,650000
Hyundaigetz,14,0,1400,0,0,6,60000,1050000
Hyundaisantro,12,0,1100,0,0,7,36000,1225000
Hyundaii10,11,0,1200,0,0,8,33000,1575000
Hyundaiasta,11,0,1200,0,0,7,55000,1875000
Hyundaii10,11,0,1200,0,0,8,31800,1625000
Hyundaisantro,11,0,1100,0,0,8,37000,1390000
Hyundaisantro,15,0,1100,0,0,5,65000,900000
Hyundaigetz,16,0,1300,0,0,5,35000,1425000
Hyundaii10,7,0,1200,0,0,11,6660,2250000
Hyundaigetz,13,0,1300,0,0,6,34000,1300000
Hyundaielantra,8,0,1600,0,0,12,12000,5000000
Hyundaiasta,7,0,1200,0,0,12,3500,2499000
Hyundaii10,12,0,1200,0,0,7,34000,1375000
Hyundaigetz,14,0,1400,0,0,5,30000,1550000
Hyundaisantro,7,0,1100,0,0,11,9000,1425000
Hyundaisantro,11,0,1100,0,0,8,53000,1340000
Hyundaii10,10,0,1200,0,0,9,26000,1700000
Hyundaii20,11,0,1200,0,0,10,27000,1899999
Hyundaitucson,13,0,2000,1,1,6,37000,3300000
Hyundaisantro,14,0,1000,0,0,1,45000,850000
Hyundaii10,11,0,1200,0,0,7,25000,1475000
Hyundaiasta,14,0,1500,0,1,9,20000,1650000
Hyundaieon,9,0,800,0,0,9,24000,1250000
Hyundaii10,8,0,1200,0,0,10,22000,1900000
Hyundaisantro,18,0,1000,0,0,4,35000,750000
Hyundaisantro,12,0,1100,0,0,7,19000,1325000
Hyundaisantro,13,0,1100,0,0,6,39000,1225000
Hyundaii10,9,0,1200,0,0,10,15000,1725000
Hyundaii10,8,0,1100,0,0,10,15000,1950000
Hyundaiasta,12,0,1500,0,1,9,40000,1850000
Hyundaieon,8,0,800,0,0,10,9500,1525000
Hyundaisantro,9,0,1100,0,0,10,3700,1575000
Hyundaiasta,11,0,1200,0,0,8,32000,1990000
Hyundaii10,12,0,1200,0,0,7,27000,1380000
Hyundaieon,9,0,800,0,0,9,18000,1325000
Hyundaisantro,14,0,1100,0,0,6,38000,1150000
Hyundaiasta,8,0,1200,0,0,11,9000,2350000
Hyundaisantro,15,0,1000,0,0,6,45000,850000
Hyundaitucson,17,0,2000,1,1,12,51000,2450000
Hyundaii10,12,0,1200,0,0,7,24500,1550000
Hyundaii10,12,0,1200,0,0,7,35000,1440000
Hyundaigetz,13,0,1400,0,0,6,58000,1450000
Hyundaiasta,11,0,1200,0,0,10,18000,2050000
Hyundaisantro,14,0,1000,0,0,6,80000,1000000
Hyundaii10,8,0,1200,0,0,11,6700,2325000
Hyundaisantro,16,0,1000,0,0,5,80000,102500
Hyundaisantro,15,0,1100,0,0,5,35000,1050000
Hyundaieon,7,0,800,0,0,12,1200,1700000
Hyundaisantro,12,0,1100,0,0,7,27050,1350000
Hyundaii10,11,0,1200,0,0,10,30000,1575000
Hyundaiasta,11,0,1200,0,0,10,35000,1875000
Hyundaii20,11,0,1200,0,0,10,38000,1725000
Hyundaii10,12,0,1100,0,0,7,80000,1400000
Hyundaii10,12,0,1200,0,0,9,40000,1425000
Hyundaiasta,12,0,1200,0,0,7,105000,1900000
Hyundaiasta,16,0,1500,0,1,5,58000,1450000
Hyundaii10,10,0,1200,0,0,9,19000,1775000
Hyundaisantro,12,0,1100,0,0,9,29000,1240000
Hyundaisantro,14,0,1100,0,0,6,32000,1170000
Hyundaii10,11,0,1200,0,0,9,40000,1515000
Hyundaiaccent,12,0,1400,0,0,9,31000,1690000
Hyundaii20,18,0,1500,0,0,5,74000,950000
Hyundaigetz,16,0,1300,0,0,5,62000,1050000
Hyundaiasta,11,0,1200,0,0,10,23000,2050000
Hyundaisantro,14,0,1100,0,0,5,36000,1150000
Hyundaiaccent,14,0,1600,0,0,6,28000,1850000
Hyundaisantro,17,0,1100,0,0,4,57000,1000000
Hyundaii10,12,0,1100,0,0,7,23000,1450000
Hyundaii10,12,0,1200,0,0,7,25000,1425000
Hyundaitucson,12,0,2000,0,1,7,42000,3500000
Hyundaitucson,9,0,2000,1,1,10,24000,5600000
Hyundaiasta,11,0,1200,0,0,10,12700,2100000
Hyundaisantro,21,0,1100,0,0,3,57000,700000
Hyundaigetz,13,1,1400,0,0,7,67000,1350000
Hyundaii10,10,0,1200,0,0,11,25800,1650000
Hyundaisantro,13,0,1000,0,0,2,37500,1190000
Hyundaisantro,12,0,1100,0,0,7,37000,1250000
Hyundaisantro,15,1,1100,0,0,6,43000,1125000
Hyundaii10,12,0,1200,0,0,9,29000,1385000
Hyundaii10,12,0,1200,0,0,7,50000,1250000
Hyundaisantro,13,0,1100,0,0,6,37500,1400000
Hyundaitucson,10,0,2000,1,1,9,30000,5700000
Hyundaii10,12,0,1200,0,0,7,29000,1575000
Hyundaisantro,15,0,1100,0,0,6,45000,1225000
Hyundaiasta,15,0,1500,0,1,5,51115,1425000
Hyundaiasta,18,0,1500,0,1,3,58400,1000000
Hyundaisantro,21,0,1000,0,0,3,44000,650000
Hyundaii10,8,0,1200,0,0,10,17000,1900000
Hyundaiasta,18,0,1500,0,1,6,45000,1250000
Hyundaii10,11,0,1200,0,0,8,29660,1575000
Hyundaitucson,7,0,2000,1,1,7,28338,3600000
Hyundaii10,12,0,1200,0,0,7,29376,1475000
Hyundaiaccent,12,0,1400,0,0,7,43623,1600000
Kiasephia,14,0,1500,0,0,2,90000,1300000
Kiasportage,11,0,2000,0,0,8,51000,3250000
Kiasportage,11,0,2000,1,0,8,48000,3700000
Kiasportage,15,0,2000,1,1,1,66000,2050000
Kiasportage,10,0,2000,1,1,8,44000,4600000
Kiasportage,16,0,2000,1,1,5,59000,2175000
Kiapicanto,15,0,1100,0,0,5,34859,870000
Kiasportage,10,0,2000,1,0,9,43000,4150000
Kiapicanto,11,0,1200,0,0,1,65000,1050000
Kiapicanto,10,0,1100,0,0,19,55000,1075000
Kiasportage,10,0,2000,0,1,9,43000,5200000
Kiapicanto,14,0,1100,0,0,6,47500,900000
Kiapicanto,16,0,1100,0,0,5,50000,925000
Kiasportage,10,0,2000,1,1,9,42000,5250000
Kiario,18,0,1350,0,0,4,90000,650000
Kiapicanto,17,0,1100,0,0,5,63000,650000
Kiasoul,11,0,1600,0,0,8,35000,3200000
Kiapicanto,11,0,1100,0,0,9,27500,1260000
Kiasportage,10,0,2000,1,1,8,39000,4400000
Kiario,17,0,1400,0,0,5,75000,750000
Kiasephia,17,0,1400,0,0,4,65000,875000
Kiasportage,10,0,2000,1,0,9,23000,4099999
Kiapicanto,17,0,1100,0,0,5,62500,625000
Kiasportage,13,0,2000,1,0,6,55000,2850000
Kiacarens,18,0,2000,0,1,8,55000,1050000
Kiacarens,16,0,2000,0,1,5,95014,1150000
Kiasportage,20,0,2000,1,0,3,70000,1200000
Kiapicanto,12,0,1100,0,0,7,40000,1000000
Kiapicanto,13,0,1100,0,0,6,37000,1075000
Kiasoul,7,0,1600,0,1,14,360000,4200000
Kiapicanto,10,0,1200,0,0,10,25000,1500000
Kiapicanto,7,1,1250,0,0,12,16000,2375000
Kiapicanto,13,0,1100,0,0,6,50000,1100000
Kiario,14,0,1400,0,0,6,70000,1100000
Kiapicanto,10,0,1200,0,0,10,29000,1500000
Kiasportage,13,0,2000,0,1,6,45000,2850000
Kiapicanto,11,0,1100,0,0,9,27000,1300000
Kiapicanto,11,0,1100,0,0,8,57000,1225000
Kiapicanto,10,1,1250,0,0,9,35000,1975000
Kiasportage,11,0,2000,1,1,8,43000,4400000
Kiasportage,10,0,2000,1,1,9,32000,5250000
Kiasportage,12,0,2000,0,0,7,50000,2300000
Kiapicanto,9,1,1200,0,0,10,24000,2150000
Kiasportage,11,0,2000,1,1,8,31000,4600000
Kiapicanto,15,0,1100,0,0,5,50000,875000
Kiapicanto,17,0,1100,0,0,5,45000,725000
Kiasephia,18,0,1300,0,0,3,56700,625000
Kiapicanto,14,0,1100,0,0,6,69000,975000
Kiario,12,0,1400,0,0,7,25000,1450000
Kiasportage,8,0,2000,1,0,11,10000,5600000
Kiapicanto,16,0,1100,0,0,5,57000,750000
Kiasportage,10,0,2000,1,1,9,40000,5500000
Kiacarens,18,0,2000,0,1,8,55000,1350000
Kiapicanto,12,0,1100,0,0,7,40000,1225000
Kiasportage,14,0,2000,0,1,6,40000,2850000
Kiario,12,0,1400,0,0,7,54000,1275000
Kiasoul,10,0,1600,1,0,9,62000,300000
Kiapicanto,17,0,1100,0,0,5,35400,950000
Kiario,17,0,1400,0,0,5,75000,800000
Kiasportage,14,0,2000,0,1,6,48000,2850000
Kiapicanto,13,0,1100,0,0,6,40000,1100000
Kiario,10,0,1400,0,0,9,37000,1650000
Kiapicanto,17,0,1100,0,0,4,50000,825000
Kiapicanto,10,0,1250,0,0,9,32000,1750000
Kiasportage,6,0,2000,1,1,15,8500,7500000
Kiapicanto,12,0,1100,0,0,12,40000,1175000
Kiapicanto,10,0,1250,0,0,11,40000,2000000
Kiapicanto,10,0,1250,1,0,9,62000,2300000
Kiacerato,15,0,1600,0,0,5,42000,1475000
Kiario,10,0,1400,0,0,9,30000,1550000
Kiasportage,14,0,2000,0,0,6,48000,2900000
Kiasportage,10,0,2000,1,1,9,1995,4550000
Kiasephia,22,0,1500,0,0,3,55000,650000
Kiasportage,11,0,2000,1,1,8,44000,5100000
Kiapicanto,13,0,1100,0,0,5,47251,850000
Kiapicanto,17,0,1100,0,0,4,66000,880000
Kiasportage,11,0,2000,1,1,6,25000,5025000
Kiasportage,11,0,2000,1,0,8,20800,4200000
Kiasportage,11,0,1600,1,0,8,22000,4200000
Kiasportage,11,1,2000,1,1,8,33500,5700000
Kiasportage,13,0,2000,1,1,6,52000,3000000
Kiasportage,13,0,2000,1,1,7,35000,3000000
Kiario,12,0,1400,0,0,7,35000,1400000
Kiasportage,10,0,2000,1,1,8,20000,4600000
Kiasportage,10,0,2000,1,1,9,32287,4900000
Kiapicanto,13,0,1100,0,0,6,48074,1150000
Kiapicanto,10,0,1100,0,0,9,26000,1750000
Kiacerato,11,0,1600,0,0,10,35000,2499000
Kiasportage,18,0,2000,1,0,5,80000,1100000
Kiapicanto,14,0,1200,0,0,6,57000,975000
Kiapicanto,16,0,1100,0,0,5,85000,850000
Kiapicanto,10,0,1200,0,0,9,12500,1475000
Kiario,14,0,1400,0,0,6,48000,1350000
Kiasoul,7,0,1600,0,1,11,15000,4900000
Kiasportage,18,0,2000,0,1,8,45000,1650000
Kiario,12,0,1400,0,0,1,31000,1600000
Kiasportage,18,0,2000,1,1,3,88000,1410000
Kiapicanto,16,0,1100,0,0,5,50000,875000
Kiasoul,11,0,1600,0,0,10,28500,3000000
Kiario,9,0,1400,0,0,10,30000,2000000
Kiario,20,0,1350,0,0,3,52000,615000
Kiacerato,15,0,1600,0,0,5,30450,1600000
Kiapicanto,15,0,1200,0,0,5,54000,1000000
Kiasportage,9,0,2000,0,1,10,15000,5750000
Kiasportage,10,0,2000,1,1,8,19750,5500000
Kiasportage,20,1,2000,1,0,9,52000,1000000
Kiacerato,14,0,1600,0,0,6,42000,1450000
Kiasportage,20,1,2000,1,0,13,52000,1200000
Kiasportage,11,0,2000,1,1,8,40000,5450000
Kiasportage,21,0,2000,1,0,3,70000,1250000
Kiasoul,10,0,1600,0,0,9,48000,3100000
Kiacerato,14,0,1600,0,0,6,42000,1500000
Kiasportage,13,0,2000,0,1,8,30000,3200000
Kiapicanto,17,0,1100,0,0,4,53000,890000
Kiapicanto,13,0,1250,0,0,8,22000,1175000
Kiapicanto,13,1,1250,0,0,6,17500,1180000
Kiario,18,0,1300,0,0,4,73000,790000
Kiasportage,18,0,2000,1,0,4,60000,1600000
Kiapicanto,15,0,1100,0,0,5,70000,1200000
Kiapicanto,17,0,1100,0,0,4,80000,7700000
Kiacerato,11,0,1600,0,0,10,28000,3100000
Kiasportage,11,0,2000,0,1,8,34000,4500000
Kiapicanto,11,0,1200,0,0,8,45000,1400000
Kiasportage,18,0,2000,1,0,4,60000,1600000
Kiasportage,18,0,2000,1,0,4,60000,1600000
Kiasephia,21,0,1500,0,0,3,80000,750000
Kiasportage,15,0,2000,1,1,5,60300,2600000
Kiasportage,20,0,2000,0,0,4,72363,1100000
Kiasportage,9,0,2000,0,0,9,17000,5000000
Kiario,17,0,1300,0,0,4,71118,975000
Kiapicanto,16,0,1100,0,0,5,44436,950000
Land Roverfreelander,13,0,2200,1,1,6,44500,8500000
Land Roverfreelander,14,0,2200,1,1,6,110000,680000
Land Roverfreelander,11,1,2200,1,1,8,11000,9800000
Land Roverfreelander,12,1,2200,1,1,7,52000,9200000
Land Roverfreelander,16,0,2000,0,1,5,120000,4500000
Land Roverfreelander,11,1,2000,0,1,8,20000,7000000
Land Roverfreelander,13,0,2200,1,1,6,65000,7000000
Land Roverdiscovery,25,0,2500,1,1,4,170000,1700000
Land Roverdiscovery,25,0,2500,1,1,4,150000,1750000
Land Roverfreelander,12,1,2200,1,1,7,36000,1050000
Land Roverdiscovery,12,1,2400,0,1,8,34000,9800000
Land Roverdiscovery,25,0,2800,0,1,4,203000,1125000
Land Roverfreelander,15,0,2000,1,1,6,63812,4800000
Land Roverfreelander,12,0,2200,1,1,7,47649,8000000
Land Roverdiscovery,13,1,2800,1,1,7,53000,8500000
Land Roverfreelander,13,0,2400,0,1,6,30000,7700000
Land Roverdefender,8,0,2400,1,1,10,7800,1150000
Mahindrabolero,7,0,2600,0,1,11,70000,1250000
MahindraKuv,5,0,1200,0,1,15,31000,2100000
Mahindrascorpio,6,0,2200,0,1,15,28000,4400000
Mahindrascorpio,4,0,2600,1,1,12,40000,1500000
Mahindrascorpio,3,0,2200,1,1,19,7000,5400000
Mahindrascorpio,11,0,2600,1,1,10,62000,2450000
Mahindrascorpio,6,0,2200,0,1,13,61000,3350000
Mahindrascorpio,6,0,2500,0,1,13,67874,2650000
Mahindrascorpio,6,0,2600,0,1,13,200000,2800000
Mahindrascorpio,6,0,2200,1,1,13,45000,3800000
Mahindrabolero,8,0,2600,0,1,11,332000,1500000
Mahindrascorpio,7,0,2200,0,1,1,63000,2600000
Mahindrabolero,17,0,2500,1,1,4,95000,1050000
Mahindrabolero,10,0,2600,0,1,11,85000,1300000
Mahindrabolero,12,0,2600,0,1,10,2800,1000000
MahindraKuv,5,0,1200,0,1,15,16000,2200000
Mahindrascorpio,4,0,2200,0,1,18,27984,4300000
Mahindrascorpio,10,0,2600,1,1,9,87000,2650000
Mahindrabolero,3,0,2600,1,1,21,3500,2400000
MahindraKuv,5,0,1200,0,0,16,28000,2400000
Mahindrascorpio,4,0,2200,1,1,18,43000,5700000
Mahindrascorpio,7,0,2200,0,1,12,48000,3250000
Mahindrascorpio,7,0,2600,0,0,12,150000,32000000
Mahindrabolero,9,0,2600,0,1,13,52000,2250000
Mahindrabolero,4,0,2500,0,1,14,25000,2650000
Mahindrascorpio,7,0,2600,0,1,11,70000,2275000
Mahindrascorpio,7,0,2200,0,1,12,60000,3250000
Mahindrascorpio,7,0,2600,0,1,11,65500,2450000
Mahindrascorpio,5,0,2200,1,1,15,36000,2825000
Mahindrascorpio,7,0,2200,1,1,12,47000,2650000
Mahindrabolero,9,0,2600,0,1,12,52000,2250000
Mahindrascorpio,11,0,2600,1,1,8,80000,2900000
Mahindrascorpio,11,0,2600,1,1,8,80000,2900000
MahindraKuv,5,0,1200,0,0,15,1000,2600000
Mahindrascorpio,5,0,2200,0,1,14,7000,3850000
Mahindrabolero,11,0,2600,0,1,10,8000,1050000
Mahindrascorpio,14,0,2600,0,0,6,70000,2600000
Mahindrascorpio,6,0,2000,0,1,13,20000,3600000
Mahindrabolero,6,0,2500,1,1,13,16000,1750000
Mahindrascorpio,11,0,2600,1,1,8,80000,2900000
Mahindrascorpio,16,0,2600,1,1,5,179000,1450000
Mahindrascorpio,12,0,2600,0,0,7,48000,2975000
Mahindrascorpio,8,0,2200,0,0,10,35000,4450000
Mahindrascorpio,9,0,2600,0,1,12,24500,860000
Mahindrascorpio,7,0,2600,0,1,11,63000,3000000
Mahindrabolero,6,0,2600,1,1,13,32000,2650000
Mahindrascorpio,14,1,2600,1,1,6,100000,2600000
MahindraKuv,5,0,1200,0,0,14,3200,2600000
Mahindrabolero,7,0,2500,0,1,5,80000,1600000
Mahindrascorpio,8,0,2200,1,1,11,25000,4700000
Mahindrabolero,8,0,3000,1,1,10,38000,1700000
MahindraKuv,5,0,1200,0,0,14,6000,2450000
Mahindrascorpio,7,0,2600,0,1,11,63000,3000000
Mahindrascorpio,8,0,2200,1,1,10,32000,4850000
Mahindrabolero,7,0,2600,0,1,14,22000,2700000
MahindraKuv,5,0,1200,0,0,14,3200,2600000
Mahindrabolero,13,0,2600,0,1,11,120000,900000
Mahindrascorpio,11,0,2600,1,0,8,32000,3149999
Mahindrascorpio,7,0,2200,0,1,11,23000,3200000
Mahindrascorpio,8,0,2200,0,0,1,36000,3100000
Mahindrascorpio,9,0,2200,0,1,10,32000,3000000
Mahindrascorpio,11,0,2600,1,1,7,32000,3100000
Mahindrabolero,12,0,2600,1,0,8,45000,1700000
Mahindrascorpio,11,0,2600,0,1,10,27000,2250000
Mahindrascorpio,8,0,2200,0,0,10,26000,4375000
Mahindrascorpio,10,0,2600,0,1,14,47000,2350000
Mahindrascorpio,8,0,1400,0,1,1,36000,3100000
Mahindrascorpio,11,0,2600,1,1,14,47000,3100000
Mahindrascorpio,10,0,2600,0,1,11,34000,2850000
Mahindrascorpio,8,0,2500,0,1,11,60000,2750000
Mahindrabolero,11,0,2600,1,1,13,61000,1325000
Mahindrascorpio,11,0,2600,0,1,13,38000,2250000
Mahindrascorpio,11,0,2200,1,1,8,52000,2450000
Mahindrascorpio,11,0,2600,0,1,10,65000,2450000
Mahindrabolero,10,0,2500,0,1,11,90000,1000000
Mahindrascorpio,10,0,2500,1,1,9,51000,3400000
Mahindrascorpio,19,0,2600,1,1,4,60264,1400000
Mahindrascorpio,11,0,2600,0,1,8,45000,2350000
Mahindrascorpio,8,0,2600,0,0,10,30000,2750000
Mahindrascorpio,11,0,2600,0,1,10,65000,2475000
Mahindrascorpio,9,0,2600,0,1,12,45000,2875000
Mahindrabolero,14,0,2600,1,1,5,75000,1050000
Mahindrascorpio,7,0,2600,0,1,11,7000,3300000
Mahindrascorpio,13,0,2800,1,1,8,82000,2650000
Mahindrabolero,8,0,2600,0,1,11,35000,2220000
Mahindrascorpio,8,0,2200,0,1,10,19000,4400000
Mahindrabolero,15,0,2500,0,1,5,80000,1400000
Mahindrabolero,11,0,2600,1,1,8,42000,1600000
Mahindrabolero,10,0,2600,0,1,12,42000,1275000
Mahindrascorpio,9,0,2600,0,1,11,23000,2900000
Mahindrascorpio,14,0,2500,0,1,6,47570,3000000
Mahindrabolero,12,0,2600,1,1,7,50000,1300000
Mahindrabolero,8,0,2600,1,1,13,6500,1750000
Mahindrascorpio,7,0,2000,1,1,12,10000,4500000
Mahindrabolero,16,0,2000,1,1,12,52000,1225000
Mahindrabolero,16,0,2600,1,1,5,52000,900000
Mahindrascorpio,12,0,2500,1,1,7,53000,2050000
Mahindrabolero,12,0,2500,0,1,7,36893,1925000
Mahindrascorpio,9,0,2500,1,1,10,21000,3950000
Mahindrascorpio,7,0,2600,1,1,11,48000,2800000
Mahindrascorpio,10,0,2600,1,1,9,38000,3600000
Mahindrascorpio,13,1,2450,1,1,8,150000,1700000
Mahindrabolero,16,0,2500,0,1,5,87000,1250000
Maruti Suzukiswift,3,0,1200,0,0,19,18000,2850000
Maruti Suzukialto-800,15,0,800,0,0,5,55000,575000
Maruti Suzukicelerio,5,0,1000,0,0,14,41000,1725000
Maruti Suzukialto-LXI,10,0,1000,0,0,9,38000,1150000
Maruti Suzukialto-800,19,0,800,0,0,4,76342,400000
Maruti SuzukiOmni,11,0,800,0,0,8,88000,600000
Maruti Suzuki800,18,0,800,0,0,5,70000,300000
Maruti Suzukieeco,5,0,1200,0,0,16,35000,1500000
Maruti Suzukialto-800,16,0,800,0,0,5,65000,550000
Maruti Suzukialto-800,6,0,800,0,0,13,34000,675000
Maruti Suzuki800,7,0,800,0,0,12,37000,117500
Maruti SuzukiOmni,12,0,800,0,0,9,55000,710000
Maruti Suzukialto-800,16,0,800,0,0,5,55000,350000
Maruti Suzuki800,24,0,800,0,0,2,75000,250000
Maruti Suzukialto-800,21,0,800,0,0,3,150000,350000
Maruti Suzukialto-800,3,0,800,1,0,18,1500,975000
Maruti Suzukiswift,12,0,1300,0,0,14,58000,1400000
Maruti Suzukiswift,5,0,1200,0,0,16,29500,2479000
Maruti Suzukialto-800,9,0,800,0,0,10,45000,750000
Maruti Suzukialto-800,6,0,800,0,0,13,120000,960000
Maruti Suzuki800,25,0,800,1,0,3,48536,225000
Maruti Suzukiswift,5,0,1200,0,0,14,35000,2475000
Maruti Suzukiswift,7,0,1200,0,0,12,34000,1900000
Maruti Suzukialto-LXI,6,0,1000,0,0,14,45000,1050000
Maruti SuzukiOmni,12,0,800,0,0,7,52000,625000
Maruti Suzukialto-800,20,0,1061,0,0,4,60000,400000
Maruti Suzukiswift,7,0,1200,0,0,12,34000,1900000
Maruti Suzukicelerio,5,0,1000,0,0,15,15000,1750000
Maruti Suzukialto-800,13,0,800,0,0,1,56000,650000
Maruti Suzukialto-LXI,9,0,1000,0,0,10,52000,1025000
Maruti Suzukiswift,13,0,1300,0,0,19,60000,1325000
Maruti SuzukiOmni,12,0,800,0,0,7,33000,625000
Maruti Suzukialto-800,7,0,800,0,0,12,23000,975000
Maruti Suzukiswift,16,0,1300,0,0,5,56000,1000000
Maruti SuzukiOmni,9,0,800,0,0,10,38000,525000
Maruti Suzukiswift,7,0,1200,0,0,14,34000,2049000
Maruti Suzukialto-800,9,0,800,0,0,2,35000,800000
Maruti Suzukialto-LXI,8,0,1000,0,0,10,38600,1150000
Maruti Suzukialto-800,15,0,800,0,0,2,56000,700000
Maruti Suzukiswift,6,0,1200,0,0,12,25000,2450000
Maruti SuzukiOmni,3,0,800,0,0,19,3000,1479000
Maruti SuzukiOmni,3,0,800,0,0,19,3500,1099000
Maruti Suzukialto-LXI,9,0,1000,0,0,10,52000,1025000
Maruti Suzukiswift,12,0,1300,0,0,19,48000,1300000
Maruti Suzukialto-800,8,0,800,0,0,10,45000,825000
Maruti Suzukieeco,3,0,1196,0,0,19,300,2199000
Maruti Suzukiswift,8,0,1200,0,0,10,8000,2250000
Maruti Suzukiswift,8,0,1200,0,0,11,18000,2300000
Maruti Suzukiastar,11,0,1000,0,0,8,39000,1130000
Maruti Suzukialto-800,14,0,800,0,0,5,60000,675000
Maruti Suzukiswift,11,0,1197,0,0,8,31000,1850000
Maruti Suzukialto-800,21,0,800,0,0,3,77000,424000
Maruti Suzukialto-800,21,0,800,0,0,2,77000,425000
Maruti Suzukiswift,7,0,1200,0,0,11,21000,2295000
Maruti Suzukiswift,7,0,1200,0,0,11,21000,2350000
Maruti Suzukialto-LXI,9,0,1000,0,0,9,26000,1325000
Maruti Suzukiswift,12,0,1300,0,0,16,39000,1399000
Maruti Suzukialto-800,11,0,800,0,0,8,40500,925000
Maruti Suzukiswift,9,0,1200,0,0,9,34000,1975000
Maruti Suzukiswift,9,0,1197,0,0,10,23000,2250000
Maruti Suzukiswift,7,0,1200,0,0,12,18000,2225000
Maruti Suzukiswift,11,0,1198,0,0,8,57500,1500000
Maruti Suzukialto-LXI,10,0,1000,0,0,15,37000,1160000
Maruti Suzukialto-800,17,0,800,0,0,12,8000,450000
Maruti Suzuki800,21,0,800,0,0,3,48000,325000
Maruti Suzukiswift,18,0,1300,0,0,6,46000,1225000
Maruti Suzukialto-LXI,8,0,1000,0,0,11,20000,1300000
Maruti Suzukiswift,11,0,1200,0,0,8,35000,1875000
Maruti Suzukiswift,11,0,1200,0,0,9,38000,1775000
Maruti Suzukialto-800,11,0,800,0,0,8,20000,800000
Maruti Suzukialto-800,12,0,800,0,0,7,34000,800000
Maruti Suzukialto-800,14,0,800,0,0,7,37000,750000
Maruti Suzukialto-800,21,0,800,0,0,3,40000,460000
Maruti Suzukiswift,7,0,1200,0,0,11,18000,2450000
Maruti Suzukialto-800,11,0,800,0,0,8,41000,875000
Maruti Suzukialto-LXI,9,0,1000,0,0,10,20000,1325000
Maruti Suzukialto-LXI,12,0,1000,0,0,7,13000,1000000
Maruti Suzukialto-800,20,0,800,0,0,3,70000,550000
Maruti Suzukialto-LXI,8,0,1000,0,0,11,10000,1050000
Maruti Suzukiswift,7,0,1200,0,0,12,26000,2475000
Maruti Suzukiswift,7,0,1197,0,0,12,11000,2475000
Maruti Suzukiswift,16,0,1300,0,0,5,50000,1050000
Maruti Suzukialto-LXI,8,0,1000,0,0,11,20000,1275000
Maruti Suzukialto-LXI,10,0,1000,0,0,9,40000,1200000
Maruti Suzukialto-LXI,11,0,1000,0,0,8,25800,1025000
Maruti Suzukialto-LXI,9,0,1000,0,0,10,18000,1250000
Maruti Suzukialto-800,8,0,800,0,0,13,21000,1150000
Maruti Suzukiswift,11,0,1200,0,0,8,42000,1750000
Maruti Suzukialto-LXI,13,0,1000,0,0,6,85000,1000000
Maruti Suzukialto-LXI,11,0,1000,0,0,8,26000,1125000
Maruti Suzukiswift,7,0,1200,0,0,11,12000,2450000
Maruti Suzukiswift,8,0,1200,0,0,10,27000,2175000
Maruti SuzukiOmni,10,0,800,0,0,9,20800,625000
Maruti Suzukialto-LXI,7,0,1000,0,0,12,22000,1575000
Maruti Suzukiswift,8,0,1200,0,0,11,17000,2300000
Maruti Suzukialto-800,22,0,800,0,0,3,50000,390000
Maruti Suzukialto-800,11,0,800,0,0,8,30000,975000
Maruti Suzukiswift,9,0,1198,0,0,9,20000,2250000
Maruti Suzukiswift,9,0,1198,0,0,9,35500,1875000
Maruti Suzukialto-800,14,0,800,0,0,5,51000,775000
Maruti Suzukialto-800,21,0,800,0,0,2,65000,465000
Maruti Suzukialto-LXI,7,0,1000,0,0,12,22000,1575000
Maruti Suzukiswift,8,0,1200,0,0,10,17000,2275000
Maruti Suzukiswift,12,0,1300,0,0,7,32000,1550000
Maruti Suzukialto,19,0,1100,0,0,4,52000,675000
Maruti Suzukialto-800,19,0,800,0,0,7,68990,650000
Maruti Suzukialto-800,16,0,800,0,0,5,68000,690000
Maruti Suzukiswift,9,0,1200,0,0,10,34000,2250000
Maruti Suzukiswift,12,0,1300,0,0,7,35000,1450000
Maruti Suzukiswift,14,0,1298,0,0,7,51500,1325000
Maruti SuzukiOmni,10,0,800,0,0,9,40000,600000
Maruti Suzukialto-LXI,10,0,1000,0,0,9,35000,1225000
Maruti Suzukialto-LXI,7,0,1000,0,0,11,15000,1375000
Maruti Suzukialto-LXI,11,0,1000,0,0,8,40000,1100000
Maruti Suzukialto-800,19,0,800,0,0,4,60000,575000
Maruti Suzukialto-800,20,0,800,0,0,5,50000,600000
Maruti Suzukialto-800,15,0,800,0,0,5,55000,725000
Maruti Suzukialto-LXI,8,0,1000,0,0,12,14000,1525000
Maruti Suzukialto-800,17,0,800,0,0,4,80000,600000
Maruti Suzukiswift,8,0,1200,0,0,11,18000,2400000
Maruti Suzuki800,7,0,800,0,0,12,20000,145000
Maruti Suzukialto-800,13,0,800,0,0,6,50000,825000
Maruti Suzukialto-LXI,10,0,1000,0,0,9,40000,1000000
Maruti Suzukiswift,11,0,1200,0,0,8,35000,1650000
Maruti SuzukiOmni,7,0,800,0,0,1,25000,1275000
Maruti Suzukialto-LXI,10,0,1000,0,0,9,33000,1150000
Maruti Suzukiswift,14,0,1300,0,0,6,37000,1200000
Maruti Suzukialto-800,14,0,800,0,0,7,40000,775000
Maruti Suzukialto-LXI,10,0,1000,0,0,13,20000,1250000
Maruti Suzukidzire,11,0,1200,0,0,10,49000,1500000
Maruti SuzukiOmni,11,0,800,0,0,8,22000,875000
Maruti Suzukialto-800,9,0,800,0,0,9,25000,915000
Maruti Suzukialto-800,12,0,800,0,0,7,27000,900000
Maruti Suzukialto-LXI,11,0,1000,0,0,7,35000,1250000
Maruti Suzukialto-LXI,10,0,1000,0,0,13,20000,1250000
Maruti Suzukidzire,12,0,1298,0,0,7,46500,1550000
Maruti Suzukialto-LXI,10,0,1000,0,0,9,25000,1150000
Maruti Suzukiswift,7,0,1200,0,0,11,18000,2550000
Maruti Suzukialto-LXI,8,0,1000,0,0,11,25000,1525000
Maruti Suzukialto-LXI,10,0,1000,0,0,9,35000,1175000
Maruti Suzukiswift,6,0,1200,0,0,12,8000,2650000
Maruti Suzukiswift,7,0,1200,0,0,11,12000,2525000
Maruti Suzukiswift,8,0,1200,0,0,10,21000,2375000
Maruti Suzukialto-800,14,0,800,0,0,6,24000,800000
Maruti Suzukiswift,11,0,1198,0,0,8,32000,1650000
Maruti Suzukiswift,7,0,1197,0,0,12,13000,2490000
Maruti Suzukiswift,11,0,1200,0,0,9,34000,1790000
Maruti Suzukiswift,16,0,1300,0,0,5,50000,1150000
Maruti Suzukiswift,11,0,1198,0,0,8,32000,1650000
Maruti Suzukialto-800,15,0,800,0,0,13,48700,525000
Maruti Suzukialto-LXI,7,0,1000,0,0,11,18000,1375000
Maruti Suzukiswift,8,0,1198,0,0,13,7000,2700000
Maruti Suzukiswift,14,1,1200,0,0,6,51000,1275000
Maruti Suzukiswift,13,0,1298,0,0,14,41000,1350000
Maruti Suzukiswift,8,0,1200,0,0,10,19000,2350000
Maruti Suzukialto-800,20,0,800,0,0,4,55900,555000
Maruti SuzukiOmni,9,0,800,0,0,10,22000,600000
Maruti Suzukialto-LXI,8,0,1000,0,0,11,14500,1350000
Maruti Suzukieeco,8,0,1198,0,0,10,27000,1350000
Maruti Suzukiswift,11,0,1300,0,0,8,31000,1650000
Maruti Suzukiswift,7,0,1200,0,0,12,26000,2350000
Maruti Suzukialto-LXI,7,0,1000,0,0,12,6000,1450000
Maruti Suzukiswift,8,0,1200,0,0,11,18373,2175000
Maruti Suzukialto-LXI,7,0,1000,0,0,11,14000,1375000
Maruti Suzukialto-LXI,10,0,1000,0,0,9,21000,1025000
Maruti Suzukiastar,11,0,1000,0,0,9,40000,1350000
Maruti Suzukiswift,7,0,1200,0,0,11,23000,2575000
Maruti Suzukialto-800,12,0,800,0,0,7,30000,925000
Maruti Suzukialto,20,0,1100,0,0,3,30000,575000
Maruti Suzukialto-LXI,7,0,1000,0,0,11,1800,1125000
Maruti Suzukialto,20,0,1100,0,0,3,60000,575000
Maruti Suzukialto-LXI,10,0,1000,0,0,8,31000,1225000
Maruti Suzukiswift,8,0,1198,0,0,10,28000,2200000
Maruti Suzukiswift,13,0,1300,0,0,6,33333,1400000
Maruti SuzukiOmni,11,0,800,0,0,8,32000,825000
Maruti Suzukialto-LXI,7,0,1000,0,0,11,35000,1000000
Maruti Suzukialto-LXI,8,0,1000,0,0,11,20000,1390000
Maruti Suzukiswift,6,0,1200,0,0,13,1200,2750000
Maruti Suzukialto-800,12,0,800,0,0,7,58000,825000
Maruti Suzukialto-800,13,0,800,0,0,5,69000,775000
Maruti Suzukiswift,11,0,1200,0,0,8,36000,1650000
Maruti Suzukialto-800,15,0,800,0,0,5,39000,725000
Maruti Suzukialto,20,0,1100,0,0,7,4000,675000
Maruti Suzukieeco,10,0,1198,0,0,9,38000,1250000
Maruti Suzukialto-LXI,9,0,1000,0,0,10,22000,1275000
Maruti Suzukiswift,9,0,1200,0,0,10,18000,2300000
Maruti Suzukiswift,7,0,1300,0,0,12,3800,2600000
Maruti Suzukiswift,12,0,1298,0,0,7,34000,1550000
Maruti Suzukiswift,13,0,1298,0,0,5,35000,1475000
Maruti Suzukiswift,12,0,1298,0,0,11,46000,1550000
Maruti Suzukiswift,12,0,1300,0,0,7,45000,1525000
Maruti Suzukialto-LXI,11,0,1000,0,0,8,40000,1000000
Maruti Suzukiastar,11,0,1000,0,0,8,46000,1300000
Maruti Suzukiswift,12,0,1300,0,0,7,32000,1475000
Maruti Suzukieeco,15,0,1300,0,0,5,55000,900000
Maruti Suzukiastar,12,0,1000,0,0,8,40000,1175000
Maruti Suzukialto-LXI,8,0,1000,0,0,11,15500,1375000
Maruti Suzukieeco,10,0,1196,0,0,8,28000,1250000
Maruti Suzukiswift,13,0,1300,0,0,6,40000,1425000
Maruti Suzukiastar,12,0,1000,0,0,8,56000,1175000
Maruti Suzukiswift,7,0,1200,0,0,11,12880,2575000
Maruti Suzukialto-800,13,0,800,0,0,6,68700,850000
Maruti Suzukiswift,12,0,1300,0,0,7,45000,1199999
Maruti Suzukieeco,11,0,1298,0,0,8,34000,1200000
Maruti SuzukiOmni,11,0,800,0,0,8,40000,500000
Maruti Suzukiswift,15,0,1300,0,0,5,33000,1200000
Maruti Suzukialto-LXI,9,0,1000,0,0,9,20000,1300000
Maruti Suzukialto-LXI,8,0,1000,0,0,10,17000,1350000
Maruti Suzukialto-LXI,10,0,1000,0,0,9,20000,1095000
Maruti Suzukialto-800,26,0,800,0,0,2,63000,425000
Maruti Suzukialto-800,12,0,800,0,0,7,35000,825000
Maruti Suzukialto-800,17,0,800,0,0,4,34000,525000
Maruti Suzukiswift,8,0,1200,0,0,11,30000,2000000
Maruti Suzukialto-LXI,8,0,1000,0,0,10,17000,1385000
Maruti Suzukialto-LXI,8,0,1000,0,0,10,21000,1200000
Maruti Suzukiswift,8,0,1200,0,0,13,18000,2425000
Maruti Suzukiswift,8,0,1197,0,0,11,17000,2350000
Maruti Suzukiswift,9,0,1200,0,0,9,20000,2250000
Maruti Suzukialto-800,10,0,800,0,0,10,40000,975000
Maruti Suzukiswift,7,0,1200,0,0,12,5500,2650000
Maruti Suzukialto-LXI,9,0,1000,0,0,10,12000,1025000
Maruti Suzukiswift,12,0,1198,0,0,13,41000,1600000
Maruti Suzukiswift,12,0,1298,0,0,7,39000,1400000
Maruti Suzukiswift,13,0,1300,0,0,6,45000,1450000
Maruti Suzukiswift,12,0,1300,0,0,7,40000,1500000
Maruti Suzukialto-800,10,0,800,0,0,9,17000,1150000
Maruti Suzukialto-LXI,10,0,1000,0,0,9,23000,1225000
Maruti Suzukidzire,12,0,1300,0,0,7,40000,1575000
Maruti Suzukialto-800,12,0,800,0,0,7,35000,950000
Maruti Suzukiastar,12,0,1000,0,0,7,40000,1210000
Maruti Suzukialto-LXI,9,0,1000,0,0,9,23000,1450000
Maruti Suzuki800,23,0,880,0,0,3,26000,200000
Maruti Suzukialto-LXI,10,0,1000,0,0,9,32000,1050000
Maruti Suzukialto-LXI,10,0,1000,0,0,13,25000,1225000
Maruti Suzukialto-LXI,8,0,1000,0,0,10,23000,1375000
Maruti Suzukialto-LXI,8,0,1000,0,0,10,13000,1425000
Maruti Suzukiswift,9,0,1197,0,0,10,15000,2000000
Maruti Suzukiswift,12,0,1298,0,0,13,37000,1425000
Maruti SuzukiOmni,11,0,800,0,0,8,73000,950000
Maruti Suzukiswift,13,0,1298,0,0,6,42000,1350000
Maruti Suzukiswift,12,0,1298,0,0,7,33300,1600000
Maruti Suzukiswift,16,0,1298,0,0,8,140000,1000000
Maruti Suzukialto,19,0,1100,0,0,3,65000,650000
Maruti Suzukiswift,12,0,1298,0,0,13,38000,1600000
Maruti Suzukialto-800,15,0,800,0,0,5,51000,750000
Maruti Suzukialto-800,15,0,800,0,0,6,25000,650000
Maruti Suzukiastar,11,0,1000,0,0,8,34000,1350000
Maruti Suzukiswift,7,0,1197,0,0,11,12000,2350000
Maruti Suzukiswift,16,0,1300,0,0,5,45000,950000
Maruti Suzukialto-LXI,7,0,1000,0,0,11,6600,1150000
Maruti Suzukiastar,9,0,1000,0,0,10,25000,1400000
Maruti Suzukiastar,12,0,1000,0,0,9,48000,1275000
Maruti Suzukialto-LXI,8,0,1000,0,0,12,20000,1425000
Maruti Suzukiswift,12,0,1298,0,0,7,38000,1450000
Maruti Suzukiastar,12,0,1000,0,0,7,42000,1250000
Maruti Suzukialto-800,16,0,800,0,0,5,55000,675000
Maruti Suzukiswift,13,0,1300,0,0,8,40000,1500000
Maruti Suzukialto-800,12,0,800,0,0,7,31000,900000
Maruti Suzukialto-800,16,0,800,0,0,5,38000,650000
Maruti Suzukieeco,9,0,1297,0,0,9,32000,1350000
Maruti Suzukiswift,11,0,1200,0,0,9,25000,1650000
Maruti Suzukialto-800,16,0,800,0,0,6,36000,736000
Maruti Suzukiastar,11,0,1000,0,0,8,33000,1350000
Maruti Suzukieeco,11,0,1196,0,0,8,39000,1245000
Maruti SuzukiOmni,11,0,800,0,0,8,35000,650000
Maruti Suzukiswift,7,0,1200,0,0,11,4000,2350000
Maruti Suzukiastar,12,0,1000,0,0,7,35000,1175000
Maruti Suzukiswift,15,0,1300,0,0,1,50000,1800000
Maruti Suzukialto-LXI,10,0,1000,0,0,9,20000,1350000
Maruti Suzukieeco,11,0,1400,0,0,10,10000,1450000
Maruti Suzukialto-800,16,0,800,0,0,5,695000,725000
Maruti Suzukialto-LXI,7,0,1000,0,0,11,3400,1425000
Maruti Suzukialto-800,12,0,800,0,0,7,17000,910000
Maruti Suzukiswift,12,0,1298,0,0,13,34000,1425000
Maruti Suzukialto-LXI,8,0,1000,0,0,11,7000,1450000
Maruti Suzukialto-LXI,9,0,1000,0,0,10,37000,1325000
Maruti Suzukialto-LXI,11,0,1000,0,0,7,16000,1200000
Maruti Suzukialto-800,10,0,800,0,0,9,26000,925000
Maruti Suzukicelerio,7,1,1000,0,0,12,5900,2150000
Maruti Suzukialto-800,21,0,800,0,0,6,73000,460000
Maruti Suzukiswift,13,0,1197,0,0,6,33000,1400000
Maruti Suzukialto-800,13,0,800,0,0,6,36000,850000
Maruti Suzukialto-800,20,0,800,0,0,3,68000,630000
Maruti Suzukieeco,10,0,1199,0,0,9,24000,1300000
Maruti Suzukialto,20,0,1000,0,0,4,46000,625000
Maruti Suzukialto-LXI,8,0,1000,0,0,11,27000,1400000
Maruti Suzukialto-800,19,0,800,0,0,4,50000,450000
Maruti Suzukiswift,11,0,1400,0,1,8,35000,1900000
Maruti Suzukiswift,9,0,1200,0,0,9,25000,2125000
Maruti Suzukialto-800,14,0,800,0,0,5,55000,785000
Maruti Suzukialto-800,12,0,800,0,0,9,30000,950000
Maruti Suzukialto-LXI,8,0,1000,0,0,10,25000,1075000
Maruti Suzukialto-800,16,0,800,0,0,5,50806,900000
Maruti Suzukia-star,12,0,1100,0,0,7,39000,1275000
Maruti Suzukiswift,12,0,1298,0,0,7,31000,1625000
Maruti Suzukialto-LXI,9,0,1000,0,0,11,17000,1375000
Maruti Suzukialto-800,14,0,800,0,0,6,45000,850000
Maruti Suzukiswift,12,0,1300,0,0,7,34000,1625000
Maruti Suzukialto-800,14,0,800,0,0,5,50000,825000
Maruti Suzukiswift,8,0,1299,0,0,1,25000,2500000
Maruti Suzukialto-800,13,0,800,0,0,6,28000,800000
Maruti Suzukialto-800,19,0,800,0,0,4,75000,660000
Maruti Suzukialto-LXI,8,0,1000,0,0,12,14000,1375000
Maruti Suzukiswift,12,0,1298,0,0,7,31000,1625000
Maruti Suzukialto-800,13,0,800,0,0,6,37500,715000
Maruti Suzukiswift,16,0,1200,0,0,5,43000,1100000
Maruti Suzukialto-800,5,0,800,0,0,4,52000,475000
Maruti Suzukialto-800,19,0,800,0,0,4,75000,625000
Maruti Suzukiswift,11,0,1200,0,0,8,40000,1900000
Maruti Suzukialto-800,13,0,800,0,0,8,40000,900000
Maruti Suzukialto-800,14,0,800,0,0,6,24000,800000
Maruti Suzukialto-800,14,0,800,0,0,6,24000,775000
Maruti Suzukialto-800,11,0,800,0,0,8,19000,950000
Maruti Suzukiswift,16,0,1300,0,0,5,41000,1125000
Maruti Suzukiswift,16,0,1197,0,0,12,45000,1050000
Maruti Suzukiswift,8,0,1200,0,0,11,13000,2850000
Maruti Suzukiswift,11,0,1200,0,0,8,15000,1950000
Maruti Suzukiswift,11,0,1200,0,0,8,35000,1850000
Maruti Suzukiswift,12,0,1300,0,0,7,40000,1500000
Maruti Suzukiswift,8,0,1200,0,0,11,30000,2450000
Maruti Suzukialto-LXI,8,0,1000,0,0,12,12000,1300000
Maruti Suzukiswift,9,0,1800,0,0,10,5200,2400000
Maruti Suzukiswift,16,0,1300,0,0,5,58000,1250000
Maruti Suzukialto-LXI,8,0,1000,0,0,10,9000,1499000
Maruti Suzukialto-LXI,8,0,1000,0,0,10,180000,1325000
Maruti Suzukiswift,16,0,1300,0,0,5,100000,1200000
Maruti Suzukiswift,11,0,1200,0,0,10,40000,1925000
Maruti Suzukialto-LXI,8,0,1000,0,0,10,24000,1500000
Maruti Suzukialto-800,15,0,800,0,0,7,39900,750000
Maruti Suzukialto-800,16,0,800,0,0,5,69079,850000
Maruti Suzukiswift,8,0,1197,0,0,11,9800,2500000
Maruti Suzukiswift,16,0,1200,0,0,5,36000,1325000
Maruti Suzukiswift,12,0,1200,0,0,9,28000,1800000
Maruti Suzukialto-LXI,8,0,1000,0,0,13,9000,1400000
Maruti Suzukialto-800,15,0,800,0,0,5,67003,775000
Maruti Suzukialto-800,14,0,800,0,0,6,33000,880000
Maruti Suzukialto-LXI,9,0,1000,0,0,12,16000,1200000
Maruti SuzukiOmni,11,0,800,0,0,8,61000,800000
Maruti Suzukiastar,9,0,1000,0,0,9,26000,1600000
Maruti Suzukiswift,12,0,1300,0,0,8,21000,1600000
Maruti Suzukialto,20,0,1061,0,0,3,26447,650000
Nissansaloon,18,0,1600,0,0,4,58000,990000
Nissansaloon,13,0,1600,0,0,6,53000,1800000
Nissansunny,6,0,1500,0,0,21,26000,2150000
Nissansaloon,16,1,1600,0,0,5,46000,1550000
Nissansunny,19,0,1600,0,0,4,85000,1100000
Nissantiida,11,0,1800,0,0,8,39000,1850000
Nissansunny,13,0,1600,0,0,6,53000,1800000
Nissansunny,18,0,1600,0,0,4,42000,1300000
Nissansaloon,11,0,1600,0,0,7,38000,2300000
Nissansaloon,20,0,1600,0,0,3,41000,900000
Nissansunny,8,0,1600,0,0,11,24000,2850000
Nissansunny,7,0,1498,0,0,14,17000,3250000
Nissansunny,24,0,2000,0,1,3,59700,555000
Nissantiida,11,0,1800,0,0,8,39000,2000000
Nissansunny,23,0,2000,0,1,3,150000,650000
Nissansaloon,16,0,1600,0,0,5,39000,1500000
Nissansaloon,19,0,1597,0,0,4,79000,1100000
Nissansaloon,16,0,1600,0,0,5,39000,1375000
Nissantiida,14,0,1800,0,0,5,30000,2000000
Nissantiida,14,0,1800,0,0,5,46000,1875000
Nissantiida,14,0,1800,0,0,13,56000,1800000
Nissansaloon,15,0,1600,0,0,5,43500,1690000
Nissansaloon,14,0,1600,0,0,5,30000,1700000
Nissansaloon,13,0,1600,0,0,7,29000,2975000
Nissansunny,11,0,1596,0,0,8,31000,2300000
Nissansaloon,14,0,1600,0,0,6,12345,1775000
Nissansunny,8,0,1500,0,0,12,19000,2900000
Nissansaloon,14,0,1600,0,0,5,48000,1750000
Nissansunny,23,0,2000,0,1,3,100000,575000
Nissansaloon,15,0,1600,0,0,5,32000,1725000
Nissansaloon,17,0,1600,0,0,4,64000,1800000
Nissansaloon,18,0,1600,0,0,4,57773,1650000
Nissansaloon,15,0,2000,0,0,5,61483,2200000
Nissansaloon,16,0,1597,0,0,5,43828,1650000
Nissantiida,15,0,1800,0,0,5,19000,1800000
Nissansaloon,19,0,1600,0,0,4,37000,1250000
Nissantiida,14,0,1800,0,0,6,58000,2000000
Skodafabia,12,0,1200,0,0,7,42000,1125000
Skodafabia,12,0,1200,0,0,7,45000,900000
Skodalaura,10,0,1900,0,1,9,35000,3600000
Skodalaura,10,0,1896,0,1,9,42000,4000000
Skodarapid,9,1,1600,0,0,10,65000,2250000
Skodarapid,8,0,1600,0,0,10,32000,1850000
Skodalaura,11,0,2000,0,1,8,49000,3600000
Skodalaura,10,0,1900,0,1,9,50000,3800000
Skodafabia,12,0,1200,0,0,7,54000,1275000
Skodarapid,8,0,1600,0,0,11,22000,2250000
Skodarapid,8,0,1600,0,0,10,18000,2675000
Skodafabia,12,0,1200,0,0,7,40000,1425000
Skodalaura,11,0,1900,0,1,8,47000,3600000
Skodalaura,10,0,1896,0,0,11,53000,4200000
Skodasuperb,12,1,1798,0,0,7,46000,5500000
Skodaoctavia,12,0,1900,0,1,6,57000,2750000
Skodalaura,10,0,1896,0,0,9,53000,4200000
Skodalaura,10,0,2000,0,0,8,45000,3800000
Skodafabia,12,0,1200,0,0,9,40000,1300000
Skodarapid,7,0,1598,0,0,12,13500,3300000
Skodasuperb,11,1,2000,0,0,10,20000,6000000
Skodalaura,10,0,2000,0,1,9,30000,4300000
Skodafabia,11,0,1600,0,0,8,35000,1650000
Skodafabia,12,0,1198,0,0,7,33000,1625000
Skodalaura,9,0,1968,0,1,9,7200,5000000
Skodasuperb,9,1,1800,0,0,9,20000,6000000
Skodalaura,12,0,1800,0,1,7,43000,3300000
Skodalaura,11,0,1968,0,1,8,40000,3650000
Skodasuperb,8,0,1800,0,1,11,9500,5750000
Skodafabia,12,0,1598,0,0,9,29000,1575000
Skodafabia,9,0,1598,0,0,9,9000,2200000
Skodafabia,9,0,1598,0,0,9,7100,2400000
Skodaoctavia,13,0,2000,0,1,6,34216,2675000
Tatasumo,4,0,2956,0,1,4,72000,2700000
Tatasafari,8,0,2179,0,1,11,45000,2950000
Tataace,8,0,800,0,1,1,40000,550000
Tataindica,13,0,1248,0,1,6,65000,1300000
Tatabolt,5,0,1248,0,0,15,36000,2100000
Tatasumo,6,0,2900,0,1,14,150000,2000000
Tataace,4,0,800,0,1,17,48000,1100000
Tataindica,11,0,1248,0,1,8,70000,925000
Tataindica,7,0,1400,0,1,12,35000,930000
Tatasafari,12,0,2200,1,0,7,95000,2500000
Tataindica,11,0,1405,0,1,8,60000,900000
Tataindica,12,0,1248,0,1,7,41000,900000
Tatasafari,11,0,2179,0,1,8,35000,2500000
Tatasumo,5,0,2900,0,1,1,7000,2950000
Tatasumo,8,0,2900,0,1,10,35000,2000000
Tataindica,11,0,1200,0,0,10,20000,1300000
Tatasumo,8,0,2900,0,1,10,35000,2000000
Tataindica,17,0,1400,0,1,4,62000,450000
Tataindica,9,0,1200,0,1,9,52000,1325000
Tatastrome,7,0,2200,0,1,14,11000,4700000
Tatasumo,7,0,3000,0,1,12,45000,2850000
Tatanano,9,0,625,0,0,10,5500,475000
Tatasumo,7,0,2999,0,1,12,45000,2750000
Tataace,6,0,702,0,1,14,16300,1050000
Tataindica,21,0,1459,0,1,3,100000,350000
Tatanano,10,0,624,0,0,9,20000,450000
Tatanano,9,0,624,0,0,10,44000,600000
Tataindica,18,0,1405,0,1,4,100000,499999
Tataindica,9,0,1405,0,1,10,40000,1050000
Tataindica,15,0,1400,0,0,5,36000,666666
Tatanano,10,0,624,0,0,9,8000,450000
Tatasumo,10,0,2400,0,1,9,800000,1850000
Tatasafari,8,0,2200,0,1,10,25000,2400000
Tatasafari,14,0,2200,1,1,5,98000,1650000
Tataindica,14,0,1405,0,1,5,52000,550000
Tatanano,9,0,624,0,0,10,10000,425000
Tataindica,18,0,1405,0,1,5,33000,850000
Tatasumo,8,0,2900,0,1,10,100000,2000000
Tatasumo,9,0,2956,0,0,9,40000,2050000
Tatagrande,13,0,2100,0,1,6,110000,2200000
Tataindica,16,0,1400,0,1,5,52300,525000
Tataindica,17,0,1400,0,0,4,60000,500000
Tatagrande,5,0,1000,0,1,6,5000,1200000
Tatagrande,11,0,2200,0,1,8,55000,1550000
Tataindica,16,0,1405,0,1,5,55700,575000
Tatasumo,11,0,2956,0,0,14,48000,1500000
Tataindica,9,0,1400,0,1,10,13000,1230000
Tatanano,10,0,624,0,0,9,40000,400000
Tataindica,11,0,1500,0,0,7,40000,1350000
Tatanano,10,0,624,0,0,9,25000,400000
Tatasafari,7,0,2200,1,1,12,20000,3600000
Tatamanza,8,0,1495,0,0,11,25000,2450000
Tataindica,11,0,1400,0,0,8,35000,800000
Tataindica,12,0,1400,0,0,7,45000,875000
Tataindica,11,0,1500,0,1,8,40000,1350000
Tatanano,9,0,624,0,0,10,23000,475000
Tataindica,11,0,1248,0,1,8,30000,1550000
Tataindica,19,0,1405,0,0,4,76000,565000
Tataindica,19,0,1405,1,0,4,22606,437000
Tataindica,19,0,1405,0,0,4,75000,645000
Tatasumo,10,0,2523,0,1,13,35000,1675000
Tataindica,11,0,1400,0,0,8,19000,775000
Tatasumo,8,0,2997,0,1,10,50000,2300000
Tataindica,11,0,1248,0,1,8,36000,1300000
Tataace,7,0,1405,0,1,12,11000,1400000
Tataventure,9,0,1400,0,1,10,32000,1400000
Tatanano,10,0,650,0,0,9,6000,675000
Tatanano,10,0,624,0,0,9,21000,475000
Tataindica,14,0,1405,0,1,5,43000,770000
Tataindica,11,0,1300,0,1,7,35265,1200000
Tatasumo,15,0,2000,0,1,5,60000,1250000
Tataindica,18,0,1405,0,0,5,31059,800000
Tataindica,14,0,1405,0,1,6,73060,700000
Tataindigo,11,0,1000,0,0,12,15000,200000
Tataindica,19,0,1450,0,1,4,60000,380000
Tatasumo,13,0,2000,0,1,6,55000,1300000
Tataindica,11,0,1500,0,1,10,40000,1350000
Tataindica,14,0,1405,0,1,5,38000,700000
Tataindica,16,0,1405,0,1,5,72300,610000
Tatasumo,9,0,3000,0,1,10,25000,2250000
Tatanano,10,0,650,0,0,9,31000,575000
Tatagrande,11,0,2200,0,1,8,65000,1800000
Tatasafari,14,0,2900,0,1,6,80000,2200000
Tatanano,9,0,624,0,0,10,20000,525000
Tatagrande,13,0,2500,0,1,6,100000,1650000
Tataindigo,12,0,1405,0,0,7,35000,1050000
Tatasumo,11,0,1948,0,1,8,64000,1575000
Tatamanza,8,0,1300,0,1,11,15000,2450000
Tataindica,20,0,1400,0,1,3,58000,450000
Tataindica,10,0,1500,0,1,9,32000,1125000
Tataindica,14,0,1396,0,0,5,70000,850000
Tatasafari,7,0,2200,0,1,11,6500,3650000
Tatamanza,7,0,1495,0,0,11,15000,2450000
Tataindigo,18,0,1400,0,1,4,92000,650000
Tataindica,16,0,1405,0,1,4,69000,725000
Tataindica,16,0,1396,0,1,5,75000,700000
Tatagrande,8,0,2500,0,1,13,85000,2750000
Tataindica,20,1,1405,0,0,2,70000,480000
Tatasumo,13,0,1900,0,1,2,100000,1400000
Tataindica,18,0,1400,0,1,4,54000,595000
Tataindica,10,0,1385,0,0,11,11000,1600000
Tataindica,14,0,1400,0,1,5,67000,725000
Toyotacorolla,14,0,1597,0,0,6,85000,2250000
Toyotafortuner,6,0,3000,1,1,14,37000,11500000
Toyotafortuner,12,0,3000,1,1,17,58000,6775000
Toyotacorolla,14,0,1600,0,0,6,42000,2600000
Toyotafortuner,12,0,3000,1,1,7,78000,6550000
Toyotafortuner,3,0,2600,1,0,19,500000,6500000
Toyotafortuner,11,0,2897,1,1,9,92314,6500000
Toyotacorolla,9,0,1600,1,0,11,35000,3500000
Toyotahilux,6,0,3000,1,1,13,37000,6700000
Toyotacorolla,13,0,1500,0,0,6,52000,2850000
Toyotacruiser,24,0,2800,1,1,3,98000,3300000
Toyotacorolla,11,0,1200,0,0,8,40000,3700000
Toyotacorolla,25,0,1500,0,0,3,109721,700000
Toyotaetios,7,0,1500,0,0,12,7000,2700000
Toyotaecho,20,0,1300,0,0,3,72000,925000
Toyotaavanza,11,0,1298,0,0,8,50000,2400000
Toyotacorolla,25,0,1500,0,0,3,109725,700000
Toyotaetios,8,0,1500,0,0,11,31000,2400000
Toyotahilux,10,0,2494,1,1,9,65000,5045000
Toyotacorolla,13,0,1600,0,0,8,42000,3225000
Toyotacorolla,14,0,1600,0,0,6,42000,2650000
Toyotacamry,29,0,2000,0,1,3,180000,1500000
Toyotacorolla,13,0,1600,0,0,6,37000,3150000
Toyotacorolla,14,0,1600,0,0,6,38000,2900000
Toyotacorolla,15,0,1600,0,0,6,53000,2975000
Toyotacruiser,24,0,2800,1,1,3,94000,3500000
Toyotaecho,21,0,1300,0,0,4,70000,1000000
Toyotacorolla,14,0,1600,0,0,6,38000,2900000
Toyotacamry,14,1,2200,0,0,8,12601,240000
Toyotaecho,20,0,1300,0,0,8,60000,1150000
Toyotacorolla,12,0,1600,0,0,7,64000,3400000
Toyotacorolla,29,1,1500,0,0,2,150,625000
Toyotaecho,19,0,1300,0,0,3,69000,1075000
Toyotacorolla,11,0,1596,0,0,8,33000,4275000
Toyotahilux,12,0,2494,1,1,7,55000,3900000
Toyotacorolla,25,0,1500,0,0,3,75000,725000
Toyotahilux,9,0,2500,1,1,9,92000,5000000
Toyotacorona,26,1,1600,0,0,4,150000,700000
Toyotahilux,11,0,2500,1,1,8,59000,4400000
Toyotaavanza,10,0,1300,0,0,14,50000,2450000
Toyotacorolla,14,0,1600,0,0,6,40000,2750000
Toyotacruiser,32,0,2800,1,1,2,97800,455000
Toyotacorolla,11,0,1200,0,0,8,45000,3850000
Toyotaetios,8,0,1500,0,0,12,13000,3000000
Toyotacorolla,18,0,1500,0,0,4,70000,1550000
Toyotaecho,20,0,1300,0,0,3,70000,1050000
Toyotahilux,9,0,2494,1,1,9,51000,5500000
Toyotacorolla,14,0,1498,0,0,5,40500,2475000
Toyotaprado,14,0,2982,1,1,6,81000,9000000
Toyotaavanza,9,0,1298,0,0,10,38000,3500000
Toyotacorolla,14,0,1600,0,0,6,29000,2825000
Toyotahilux,9,0,2500,1,1,9,32000,5275000
Toyotacorolla,11,0,1598,0,0,8,33000,4275000
Toyotaavanza,9,0,1298,0,0,10,45000,3500000
Toyotacorolla,14,0,1600,0,0,6,29000,2825000
Toyotacruiser,23,0,4200,1,1,2,105700,5300000
Toyotafortuner,9,0,3000,1,1,10,39000,9100000
Toyotahilux,11,0,2500,1,1,7,9000,250000
Toyotacorolla,15,0,1500,0,0,5,70000,2100000
Toyotacorolla,15,0,1500,0,0,5,69000,2300000
Toyotaecho,19,0,1300,0,0,4,50000,1125000
Toyotahilux,14,0,2523,1,1,6,44000,3400000
Toyotaprado,13,0,2986,1,1,6,60000,9500000
Toyotacorolla,13,0,1600,0,0,6,37200,3250000
Toyotacorolla,13,0,1600,0,0,6,33000,3400000
Toyotahilux,13,0,2523,1,1,6,56000,3450000
Toyotaavanza,15,0,1300,0,0,5,67000,2175000
Toyotacruiser,19,0,4200,1,1,5,68000,16800000
Toyotahilux,11,0,2800,0,0,9,41000,4200000
Toyotaecho,17,0,1300,0,0,5,45000,1400000
Toyotahilux,9,0,2523,1,0,9,52000,4850000
Toyotaprado,14,0,2800,1,1,6,45000,9500000
Toyotacorolla,14,0,1600,0,0,5,70000,2850000
Toyotaecho,21,0,1300,0,0,3,60000,1050000
Toyotaprado,6,1,2900,1,1,13,369,20000000
Toyotacamry,10,1,2200,0,1,8,23000,4600000
Toyotaetios,6,0,1500,0,0,13,8000,3150000
Toyotahilux,9,0,2494,1,1,10,29000,5150000
Toyotacruiser,11,1,4400,1,1,9,25000,18975000
Toyotahilux,12,0,2523,1,1,7,45000,3675000
Toyotahilux,12,0,2523,1,0,7,58000,3675000
Toyotahilux,13,0,2523,1,1,6,55000,3400000
Toyotaavanza,10,0,1300,0,0,9,23000,3200000
Toyotacorolla,13,0,1600,0,0,6,44000,2950000
Toyotahilux,11,0,2000,1,1,8,60000,4075000
Toyotacorolla,30,0,1600,0,0,2,120000,390000
Toyotacorolla,11,0,1600,0,0,8,40000,4150000
Toyotaavanza,11,0,1300,0,0,8,45000,2500000
Toyotaetios,8,0,1496,0,0,12,8800,2950000
Toyotaavanza,7,0,1298,0,0,1,9000,4800000
Toyotacorolla,14,0,1600,0,0,6,35000,2825000
Toyotacorolla,14,0,1500,0,0,6,80000,2450000
Toyotaavanza,10,0,1500,0,0,11,28000,2875000
Toyotacorolla,22,0,1300,0,0,3,90000,1050000
Toyotacorolla,10,0,1600,0,0,9,34000,4650000
Toyotaecho,21,0,1299,0,0,3,84000,1125000
Toyotacorolla,32,0,1500,0,0,1,118511,475000
Toyotaprado,23,0,3000,0,1,1,50000,4500000
Toyotacorolla,14,0,1600,0,0,6,55145,3150000
Toyotacruiser,35,0,2600,0,1,3,200000,700000
Toyotaprado,24,0,2800,1,1,12,200000,3500000
Toyotaecho,18,0,1300,0,0,5,60000,1475000
Toyotahiace,14,0,3000,0,1,2,515175,4300000
Toyotacorolla,31,0,1500,0,0,2,100000,450000
Toyotaecho,18,0,1300,0,0,5,90000,1150000
Toyotahilux,11,0,2500,1,0,8,58000,4100000
Toyotacorolla,31,0,2000,0,1,2,90000,650000
Toyotacruiser,27,0,2800,1,1,2,100000,2500000
Toyotaprado,22,0,2800,1,0,2,100000,4000000
Toyotacorolla,13,0,1600,0,0,6,32000,3200000
Toyotacorolla,13,0,1600,0,0,8,35000,3400000
Toyotaprado,24,0,2800,1,1,2,200000,3400000
Toyotacruiser,19,0,3000,1,1,10,93000,5800000
Toyotacorolla,13,0,1600,0,0,6,40000,2500000
Toyotacorolla,12,1,1600,0,0,9,30500,4150000
Toyotacorolla,18,0,1500,0,0,5,104000,1700000
Toyotahilux,10,0,2500,0,0,1,55000,4600000
Toyotacorolla,34,0,1500,0,0,2,120000,450000
Toyotacruiser,22,0,2800,1,1,1,101800,4400000
Toyotacruiser,13,0,2982,1,1,8,40000,17000000
Toyotacorolla,13,0,1600,0,0,8,31900,3550000
Toyotacruiser,19,0,4200,1,1,11,67218,9699000
Toyotacorolla,34,0,1200,0,0,1,50000,425000
Toyotahiace,19,0,3000,0,1,11,65000,2950000
Volkswagenpolo,7,0,1598,0,0,12,32000,2075000
Volkswagentiguan,7,0,2000,1,0,12,52000,6500000
Volkswagenpolo,10,0,1600,0,0,9,11331,2200000
Volkswagenpolo,6,0,1600,0,0,13,27000,2500000
Volkswagenbeetle,11,0,1600,0,0,8,30000,3000000
Volkswagenpolo,10,0,1600,0,0,9,35000,2000000
Volkswagenpolo,10,0,1600,0,0,9,40000,2025000
Volkswagentiguan,11,0,2000,1,0,8,43000,4100000
Volkswagenpolo,10,0,1600,0,0,9,51000,1725000
Volkswagentiguan,11,0,2000,0,0,8,43000,4750000
Volkswagenpolo,6,0,1600,0,0,13,27000,2500000
Volkswagenpolo,6,0,1600,0,0,13,35000,2650000
Volkswagentiguan,11,1,2000,1,1,8,47000,6100000
Volkswagenpolo,10,0,1600,0,0,9,26876,2025000
Volkswagenvento,6,0,1600,0,0,13,10800,3450000
Volkswagenvento,8,0,1600,0,0,10,27000,2800000
Volkswagenpolo,8,0,1600,0,0,11,28000,2350000
Volkswagenvento,8,0,1598,0,0,10,15000,3480000
Volkswagenpolo,9,0,1600,0,0,10,25000,2350000
Volkswagenpolo,10,0,1600,0,0,8,32000,1975000
Volkswagenvento,8,0,1600,0,0,11,43000,2800000
Volkswagentiguan,10,0,1984,1,0,9,35000,5350000
Volkswagenpolo,8,0,1600,0,0,10,23000,2450000
Volkswagenpolo,8,0,1200,0,0,11,25000,2150000
Volkswagenpolo,10,0,1598,0,0,9,58382,2000000
Volkswagenpolo,10,0,1600,0,0,9,21000,1950000
Volkswagenpolo,7,0,1200,0,0,12,13000,2350000
Volkswagenpolo,10,0,1598,0,0,9,27000,2125000
Volkswagentiguan,11,1,1968,1,1,8,41500,6350000
Volkswagenpolo,9,0,1200,0,0,10,25000,2100000
Volkswagentiguan,11,0,1984,0,0,8,49000,4800000
Volkswagenvento,9,0,1600,0,0,10,50000,2450000
Volkswagentouareg,11,1,3000,1,1,8,52000,8050000
Volkswagenpolo,8,0,1600,0,0,12,24000,2650000
Volkswagenpolo,8,0,1200,0,0,11,30000,2550000
Volkswagenpolo,10,0,1600,0,0,9,28000,2250000
Volkswagenpolo,9,0,1200,0,0,10,23000,1850000
Volkswagentouareg,11,1,2400,1,1,8,38000,10000000
Volkswagenpolo,10,0,1600,0,0,9,24324,2400000
Volkswagenpolo,7,0,1200,0,0,12,10000,2650000
Volkswagenpolo,8,0,1200,0,0,11,24000,2475000
Volkswagentiguan,10,0,2000,1,0,9,30000,5500000
Volkswagenbeetle,11,0,1600,0,0,8,19000,3800000
Volkswagentiguan,8,0,2000,1,0,11,20000,7450000
Volkswagenpolo,10,0,1600,0,0,11,36000,2100000
Volkswagenvento,9,0,1600,0,0,10,23000,3000000
Volkswagenpolo,8,0,1198,0,0,11,22000,2100000
Volkswagenpassat,11,0,1800,0,0,8,12000,5650000
Volkswagenpolo,9,0,1599,0,0,10,21000,2450000
Volkswagentiguan,10,0,2000,1,0,9,48000,5700000
Volkswagenpolo,10,0,1600,0,0,9,19000,2350000
Volkswagenpolo,10,0,1200,0,0,11,17000,2100000
Volkswagentiguan,11,0,2000,1,0,8,30000,5250000
Volkswagenpolo,7,0,1200,0,0,12,14000,2550000
Volkswagenpolo,9,0,1198,0,0,10,17000,2050000
Volkswagenvento,9,0,1600,0,0,11,30000,3000000
Volkswagenpassat,10,0,1800,0,0,8,20000,6100000
Volkswagenpolo,7,0,1200,0,0,13,10000,2650000
Volkswagenpolo,9,0,1200,0,0,10,20000,1995000
Volkswagenpolo,8,0,1600,0,0,11,6300,2650000
Volkswagenpolo,9,0,1200,0,0,11,20000,2000000
Volkswagenpolo,9,0,1600,0,0,10,9000,2550000
Volkswagenpolo,9,0,1200,0,0,10,8700,2150000
Volkswagentiguan,10,1,2000,1,1,11,32000,7000000
Volkswagenpolo,7,0,1200,0,0,10,7500,2400000
Volkswagentiguan,10,0,2000,0,0,8,26447,6175000
Volkswagenpolo,8,0,1600,0,0,11,6300,2700000
Volkswagenbeetle,11,0,1595,0,0,8,19000,3950000
Volkswagenpassat,11,0,1800,0,0,8,11000,5800000
Volkswagentiguan,11,0,2000,0,0,8,25000,4900000
Volkswagenvento,9,0,1600,0,1,11,14000,3555555
